time,pos
0,19.999
0.001,19.998
0.002,19.9969
0.003,19.9959
0.004,19.9949
0.005,19.9938
0.006,19.9927
0.007,19.9916
0.008,19.9906
0.009,19.9895
0.01,19.9884
0.011,19.9872
0.012,19.9861
0.013,19.985
0.014,19.9838
0.015,19.9827
0.016,19.9815
0.017,19.9803
0.018,19.9791
0.019,19.9779
0.02,19.9767
0.021,19.9755
0.022,19.9743
0.023,19.9731
0.024,19.9718
0.025,19.9706
0.026,19.9693
0.027,19.968
0.028,19.9667
0.029,19.9654
0.03,19.9641
0.031,19.9628
0.032,19.9615
0.033,19.9602
0.034,19.9588
0.035,19.9575
0.036,19.9561
0.037,19.9547
0.038,19.9533
0.039,19.952
0.04,19.9506
0.041,19.9491
0.042,19.9477
0.043,19.9463
0.044,19.9448
0.045,19.9434
0.046,19.9419
0.047,19.9405
0.048,19.939
0.049,19.9375
0.05,19.936
0.051,19.9345
0.052,19.933
0.053,19.9314
0.054,19.9299
0.055,19.9283
0.056,19.9268
0.057,19.9252
0.058,19.9236
0.059,19.922
0.06,19.9205
0.061,19.9188
0.062,19.9172
0.063,19.9156
0.064,19.914
0.065,19.9123
0.066,19.9107
0.067,19.909
0.068,19.9073
0.069,19.9056
0.07,19.9039
0.071,19.9022
0.072,19.9005
0.073,19.8988
0.074,19.897
0.075,19.8953
0.076,19.8935
0.077,19.8918
0.078,19.89
0.079,19.8882
0.08,19.8864
0.081,19.8846
0.082,19.8828
0.083,19.881
0.084,19.8791
0.085,19.8773
0.086,19.8755
0.087,19.8736
0.088,19.8717
0.089,19.8698
0.09,19.8679
0.091,19.866
0.092,19.8641
0.093,19.8622
0.094,19.8603
0.095,19.8583
0.096,19.8564
0.097,19.8544
0.098,19.8524
0.099,19.8505
0.1,19.8485
0.101,19.8465
0.102,19.8445
0.103,19.8424
0.104,19.8404
0.105,19.8384
0.106,19.8363
0.107,19.8343
0.108,19.8322
0.109,19.8301
0.11,19.828
0.111,19.8259
0.112,19.8238
0.113,19.8217
0.114,19.8196
0.115,19.8174
0.116,19.8153
0.117,19.8131
0.118,19.811
0.119,19.8088
0.12,19.8066
0.121,19.8044
0.122,19.8022
0.123,19.8
0.124,19.7978
0.125,19.7955
0.126,19.7933
0.127,19.791
0.128,19.7887
0.129,19.7865
0.13,19.7842
0.131,19.7819
0.132,19.7796
0.133,19.7773
0.134,19.775
0.135,19.7726
0.136,19.7703
0.137,19.7679
0.138,19.7656
0.139,19.7632
0.14,19.7608
0.141,19.7584
0.142,19.756
0.143,19.7536
0.144,19.7512
0.145,19.7487
0.146,19.7463
0.147,19.7438
0.148,19.7414
0.149,19.7389
0.15,19.7364
0.151,19.7339
0.152,19.7314
0.153,19.7289
0.154,19.7264
0.155,19.7239
0.156,19.7213
0.157,19.7188
0.158,19.7162
0.159,19.7137
0.16,19.7111
0.161,19.7085
0.162,19.7059
0.163,19.7033
0.164,19.7007
0.165,19.698
0.166,19.6954
0.167,19.6927
0.168,19.6901
0.169,19.6874
0.17,19.6847
0.171,19.6821
0.172,19.6794
0.173,19.6767
0.174,19.6739
0.175,19.6712
0.176,19.6685
0.177,19.6657
0.178,19.663
0.179,19.6602
0.18,19.6574
0.181,19.6546
0.182,19.6518
0.183,19.649
0.184,19.6462
0.185,19.6434
0.186,19.6406
0.187,19.6377
0.188,19.6349
0.189,19.632
0.19,19.6291
0.191,19.6262
0.192,19.6234
0.193,19.6205
0.194,19.6175
0.195,19.6146
0.196,19.6117
0.197,19.6087
0.198,19.6058
0.199,19.6028
0.2,19.5999
0.201,19.5969
0.202,19.5939
0.203,19.5909
0.204,19.5879
0.205,19.5848
0.206,19.5818
0.207,19.5788
0.208,19.5757
0.209,19.5727
0.21,19.5696
0.211,19.5665
0.212,19.5634
0.213,19.5603
0.214,19.5572
0.215,19.5541
0.216,19.551
0.217,19.5478
0.218,19.5447
0.219,19.5415
0.22,19.5384
0.221,19.5352
0.222,19.532
0.223,19.5288
0.224,19.5256
0.225,19.5224
0.226,19.5191
0.227,19.5159
0.228,19.5127
0.229,19.5094
0.23,19.5061
0.231,19.5029
0.232,19.4996
0.233,19.4963
0.234,19.493
0.235,19.4897
0.236,19.4863
0.237,19.483
0.238,19.4797
0.239,19.4763
0.24,19.4729
0.241,19.4696
0.242,19.4662
0.243,19.4628
0.244,19.4594
0.245,19.456
0.246,19.4525
0.247,19.4491
0.248,19.4457
0.249,19.4422
0.25,19.4388
0.251,19.4353
0.252,19.4318
0.253,19.4283
0.254,19.4248
0.255,19.4213
0.256,19.4178
0.257,19.4142
0.258,19.4107
0.259,19.4072
0.26,19.4036
0.261,19.4
0.262,19.3964
0.263,19.3928
0.264,19.3892
0.265,19.3856
0.266,19.382
0.267,19.3784
0.268,19.3748
0.269,19.3711
0.27,19.3674
0.271,19.3638
0.272,19.3601
0.273,19.3564
0.274,19.3527
0.275,19.349
0.276,19.3453
0.277,19.3416
0.278,19.3378
0.279,19.3341
0.28,19.3303
0.281,19.3266
0.282,19.3228
0.283,19.319
0.284,19.3152
0.285,19.3114
0.286,19.3076
0.287,19.3037
0.288,19.2999
0.289,19.2961
0.29,19.2922
0.291,19.2883
0.292,19.2845
0.293,19.2806
0.294,19.2767
0.295,19.2728
0.296,19.2689
0.297,19.265
0.298,19.261
0.299,19.2571
0.3,19.2531
0.301,19.2492
0.302,19.2452
0.303,19.2412
0.304,19.2372
0.305,19.2332
0.306,19.2292
0.307,19.2252
0.308,19.2212
0.309,19.2171
0.31,19.2131
0.311,19.209
0.312,19.2049
0.313,19.2008
0.314,19.1968
0.315,19.1927
0.316,19.1885
0.317,19.1844
0.318,19.1803
0.319,19.1762
0.32,19.172
0.321,19.1679
0.322,19.1637
0.323,19.1595
0.324,19.1553
0.325,19.1511
0.326,19.1469
0.327,19.1427
0.328,19.1385
0.329,19.1342
0.33,19.13
0.331,19.1257
0.332,19.1215
0.333,19.1172
0.334,19.1129
0.335,19.1086
0.336,19.1043
0.337,19.1
0.338,19.0956
0.339,19.0913
0.34,19.087
0.341,19.0826
0.342,19.0783
0.343,19.0739
0.344,19.0695
0.345,19.0651
0.346,19.0607
0.347,19.0563
0.348,19.0519
0.349,19.0474
0.35,19.043
0.351,19.0385
0.352,19.0341
0.353,19.0296
0.354,19.0251
0.355,19.0206
0.356,19.0161
0.357,19.0116
0.358,19.0071
0.359,19.0025
0.36,18.998
0.361,18.9935
0.362,18.9889
0.363,18.9843
0.364,18.9797
0.365,18.9752
0.366,18.9706
0.367,18.9659
0.368,18.9613
0.369,18.9567
0.37,18.9521
0.371,18.9474
0.372,18.9427
0.373,18.9381
0.374,18.9334
0.375,18.9287
0.376,18.924
0.377,18.9193
0.378,18.9146
0.379,18.9099
0.38,18.9051
0.381,18.9004
0.382,18.8956
0.383,18.8908
0.384,18.8861
0.385,18.8813
0.386,18.8765
0.387,18.8717
0.388,18.8669
0.389,18.862
0.39,18.8572
0.391,18.8524
0.392,18.8475
0.393,18.8426
0.394,18.8378
0.395,18.8329
0.396,18.828
0.397,18.8231
0.398,18.8182
0.399,18.8132
0.4,18.8083
0.401,18.8034
0.402,18.7984
0.403,18.7934
0.404,18.7885
0.405,18.7835
0.406,18.7785
0.407,18.7735
0.408,18.7685
0.409,18.7635
0.41,18.7584
0.411,18.7534
0.412,18.7483
0.413,18.7433
0.414,18.7382
0.415,18.7331
0.416,18.728
0.417,18.7229
0.418,18.7178
0.419,18.7127
0.42,18.7076
0.421,18.7024
0.422,18.6973
0.423,18.6921
0.424,18.687
0.425,18.6818
0.426,18.6766
0.427,18.6714
0.428,18.6662
0.429,18.661
0.43,18.6557
0.431,18.6505
0.432,18.6452
0.433,18.64
0.434,18.6347
0.435,18.6294
0.436,18.6242
0.437,18.6189
0.438,18.6136
0.439,18.6082
0.44,18.6029
0.441,18.5976
0.442,18.5922
0.443,18.5869
0.444,18.5815
0.445,18.5761
0.446,18.5707
0.447,18.5654
0.448,18.5599
0.449,18.5545
0.45,18.5491
0.451,18.5437
0.452,18.5382
0.453,18.5328
0.454,18.5273
0.455,18.5218
0.456,18.5164
0.457,18.5109
0.458,18.5054
0.459,18.4999
0.46,18.4943
0.461,18.4888
0.462,18.4833
0.463,18.4777
0.464,18.4721
0.465,18.4666
0.466,18.461
0.467,18.4554
0.468,18.4498
0.469,18.4442
0.47,18.4386
0.471,18.4329
0.472,18.4273
0.473,18.4216
0.474,18.416
0.475,18.4103
0.476,18.4046
0.477,18.3989
0.478,18.3932
0.479,18.3875
0.48,18.3818
0.481,18.3761
0.482,18.3704
0.483,18.3646
0.484,18.3589
0.485,18.3531
0.486,18.3473
0.487,18.3415
0.488,18.3357
0.489,18.3299
0.49,18.3241
0.491,18.3183
0.492,18.3124
0.493,18.3066
0.494,18.3007
0.495,18.2949
0.496,18.289
0.497,18.2831
0.498,18.2772
0.499,18.2713
0.5,18.2654
0.501,18.2595
0.502,18.2535
0.503,18.2476
0.504,18.2416
0.505,18.2357
0.506,18.2297
0.507,18.2237
0.508,18.2177
0.509,18.2117
0.51,18.2057
0.511,18.1997
0.512,18.1937
0.513,18.1876
0.514,18.1816
0.515,18.1755
0.516,18.1694
0.517,18.1633
0.518,18.1573
0.519,18.1511
0.52,18.145
0.521,18.1389
0.522,18.1328
0.523,18.1266
0.524,18.1205
0.525,18.1143
0.526,18.1082
0.527,18.102
0.528,18.0958
0.529,18.0896
0.53,18.0834
0.531,18.0772
0.532,18.0709
0.533,18.0647
0.534,18.0585
0.535,18.0522
0.536,18.0459
0.537,18.0397
0.538,18.0334
0.539,18.0271
0.54,18.0208
0.541,18.0144
0.542,18.0081
0.543,18.0018
0.544,17.9954
0.545,17.9891
0.546,17.9827
0.547,17.9763
0.548,17.9699
0.549,17.9636
0.55,17.9571
0.551,17.9507
0.552,17.9443
0.553,17.9379
0.554,17.9314
0.555,17.925
0.556,17.9185
0.557,17.912
0.558,17.9056
0.559,17.8991
0.56,17.8926
0.561,17.886
0.562,17.8795
0.563,17.873
0.564,17.8664
0.565,17.8599
0.566,17.8533
0.567,17.8468
0.568,17.8402
0.569,17.8336
0.57,17.827
0.571,17.8204
0.572,17.8137
0.573,17.8071
0.574,17.8005
0.575,17.7938
0.576,17.7872
0.577,17.7805
0.578,17.7738
0.579,17.7671
0.58,17.7604
0.581,17.7537
0.582,17.747
0.583,17.7403
0.584,17.7335
0.585,17.7268
0.586,17.72
0.587,17.7133
0.588,17.7065
0.589,17.6997
0.59,17.6929
0.591,17.6861
0.592,17.6793
0.593,17.6724
0.594,17.6656
0.595,17.6588
0.596,17.6519
0.597,17.645
0.598,17.6382
0.599,17.6313
0.6,17.6244
0.601,17.6175
0.602,17.6105
0.603,17.6036
0.604,17.5967
0.605,17.5897
0.606,17.5828
0.607,17.5758
0.608,17.5689
0.609,17.5619
0.61,17.5549
0.611,17.5479
0.612,17.5409
0.613,17.5338
0.614,17.5268
0.615,17.5198
0.616,17.5127
0.617,17.5056
0.618,17.4986
0.619,17.4915
0.62,17.4844
0.621,17.4773
0.622,17.4702
0.623,17.4631
0.624,17.4559
0.625,17.4488
0.626,17.4416
0.627,17.4345
0.628,17.4273
0.629,17.4201
0.63,17.4129
0.631,17.4057
0.632,17.3985
0.633,17.3913
0.634,17.3841
0.635,17.3768
0.636,17.3696
0.637,17.3623
0.638,17.3551
0.639,17.3478
0.64,17.3405
0.641,17.3332
0.642,17.3259
0.643,17.3186
0.644,17.3112
0.645,17.3039
0.646,17.2966
0.647,17.2892
0.648,17.2818
0.649,17.2745
0.65,17.2671
0.651,17.2597
0.652,17.2523
0.653,17.2449
0.654,17.2374
0.655,17.23
0.656,17.2225
0.657,17.2151
0.658,17.2076
0.659,17.2002
0.66,17.1927
0.661,17.1852
0.662,17.1777
0.663,17.1702
0.664,17.1626
0.665,17.1551
0.666,17.1476
0.667,17.14
0.668,17.1324
0.669,17.1249
0.67,17.1173
0.671,17.1097
0.672,17.1021
0.673,17.0945
0.674,17.0869
0.675,17.0792
0.676,17.0716
0.677,17.0639
0.678,17.0563
0.679,17.0486
0.68,17.0409
0.681,17.0332
0.682,17.0255
0.683,17.0178
0.684,17.0101
0.685,17.0024
0.686,16.9946
0.687,16.9869
0.688,16.9791
0.689,16.9714
0.69,16.9636
0.691,16.9558
0.692,16.948
0.693,16.9402
0.694,16.9324
0.695,16.9245
0.696,16.9167
0.697,16.9088
0.698,16.901
0.699,16.8931
0.7,16.8852
0.701,16.8774
0.702,16.8695
0.703,16.8616
0.704,16.8536
0.705,16.8457
0.706,16.8378
0.707,16.8298
0.708,16.8219
0.709,16.8139
0.71,16.8059
0.711,16.798
0.712,16.79
0.713,16.782
0.714,16.7739
0.715,16.7659
0.716,16.7579
0.717,16.7498
0.718,16.7418
0.719,16.7337
0.72,16.7257
0.721,16.7176
0.722,16.7095
0.723,16.7014
0.724,16.6933
0.725,16.6851
0.726,16.677
0.727,16.6689
0.728,16.6607
0.729,16.6526
0.73,16.6444
0.731,16.6362
0.732,16.628
0.733,16.6198
0.734,16.6116
0.735,16.6034
0.736,16.5951
0.737,16.5869
0.738,16.5787
0.739,16.5704
0.74,16.5621
0.741,16.5539
0.742,16.5456
0.743,16.5373
0.744,16.529
0.745,16.5206
0.746,16.5123
0.747,16.504
0.748,16.4956
0.749,16.4873
0.75,16.4789
0.751,16.4705
0.752,16.4621
0.753,16.4537
0.754,16.4453
0.755,16.4369
0.756,16.4285
0.757,16.4201
0.758,16.4116
0.759,16.4032
0.76,16.3947
0.761,16.3862
0.762,16.3777
0.763,16.3692
0.764,16.3607
0.765,16.3522
0.766,16.3437
0.767,16.3352
0.768,16.3266
0.769,16.3181
0.77,16.3095
0.771,16.3009
0.772,16.2923
0.773,16.2837
0.774,16.2751
0.775,16.2665
0.776,16.2579
0.777,16.2493
0.778,16.2406
0.779,16.232
0.78,16.2233
0.781,16.2146
0.782,16.206
0.783,16.1973
0.784,16.1886
0.785,16.1799
0.786,16.1711
0.787,16.1624
0.788,16.1537
0.789,16.1449
0.79,16.1362
0.791,16.1274
0.792,16.1186
0.793,16.1098
0.794,16.101
0.795,16.0922
0.796,16.0834
0.797,16.0746
0.798,16.0657
0.799,16.0569
0.8,16.048
0.801,16.0392
0.802,16.0303
0.803,16.0214
0.804,16.0125
0.805,16.0036
0.806,15.9947
0.807,15.9858
0.808,15.9768
0.809,15.9679
0.81,15.9589
0.811,15.9499
0.812,15.941
0.813,15.932
0.814,15.923
0.815,15.914
0.816,15.905
0.817,15.8959
0.818,15.8869
0.819,15.8779
0.82,15.8688
0.821,15.8597
0.822,15.8507
0.823,15.8416
0.824,15.8325
0.825,15.8234
0.826,15.8143
0.827,15.8052
0.828,15.796
0.829,15.7869
0.83,15.7777
0.831,15.7686
0.832,15.7594
0.833,15.7502
0.834,15.741
0.835,15.7318
0.836,15.7226
0.837,15.7134
0.838,15.7042
0.839,15.6949
0.84,15.6857
0.841,15.6764
0.842,15.6671
0.843,15.6579
0.844,15.6486
0.845,15.6393
0.846,15.63
0.847,15.6206
0.848,15.6113
0.849,15.602
0.85,15.5926
0.851,15.5833
0.852,15.5739
0.853,15.5645
0.854,15.5551
0.855,15.5457
0.856,15.5363
0.857,15.5269
0.858,15.5175
0.859,15.5081
0.86,15.4986
0.861,15.4892
0.862,15.4797
0.863,15.4702
0.864,15.4607
0.865,15.4512
0.866,15.4417
0.867,15.4322
0.868,15.4227
0.869,15.4131
0.87,15.4036
0.871,15.394
0.872,15.3845
0.873,15.3749
0.874,15.3653
0.875,15.3557
0.876,15.3461
0.877,15.3365
0.878,15.3269
0.879,15.3173
0.88,15.3076
0.881,15.298
0.882,15.2883
0.883,15.2786
0.884,15.269
0.885,15.2593
0.886,15.2496
0.887,15.2398
0.888,15.2301
0.889,15.2204
0.89,15.2107
0.891,15.2009
0.892,15.1911
0.893,15.1814
0.894,15.1716
0.895,15.1618
0.896,15.152
0.897,15.1422
0.898,15.1324
0.899,15.1225
0.9,15.1127
0.901,15.1029
0.902,15.093
0.903,15.0831
0.904,15.0733
0.905,15.0634
0.906,15.0535
0.907,15.0436
0.908,15.0336
0.909,15.0237
0.91,15.0138
0.911,15.0038
0.912,14.9939
0.913,14.9839
0.914,14.9739
0.915,14.9639
0.916,14.9539
0.917,14.9439
0.918,14.9339
0.919,14.9239
0.92,14.9139
0.921,14.9038
0.922,14.8938
0.923,14.8837
0.924,14.8736
0.925,14.8635
0.926,14.8534
0.927,14.8433
0.928,14.8332
0.929,14.8231
0.93,14.813
0.931,14.8028
0.932,14.7927
0.933,14.7825
0.934,14.7723
0.935,14.7622
0.936,14.752
0.937,14.7418
0.938,14.7316
0.939,14.7213
0.94,14.7111
0.941,14.7009
0.942,14.6906
0.943,14.6804
0.944,14.6701
0.945,14.6598
0.946,14.6495
0.947,14.6392
0.948,14.6289
0.949,14.6186
0.95,14.6083
0.951,14.5979
0.952,14.5876
0.953,14.5772
0.954,14.5668
0.955,14.5565
0.956,14.5461
0.957,14.5357
0.958,14.5253
0.959,14.5148
0.96,14.5044
0.961,14.494
0.962,14.4835
0.963,14.4731
0.964,14.4626
0.965,14.4521
0.966,14.4416
0.967,14.4312
0.968,14.4206
0.969,14.4101
0.97,14.3996
0.971,14.3891
0.972,14.3785
0.973,14.368
0.974,14.3574
0.975,14.3468
0.976,14.3362
0.977,14.3257
0.978,14.315
0.979,14.3044
0.98,14.2938
0.981,14.2832
0.982,14.2725
0.983,14.2619
0.984,14.2512
0.985,14.2405
0.986,14.2299
0.987,14.2192
0.988,14.2085
0.989,14.1978
0.99,14.187
0.991,14.1763
0.992,14.1656
0.993,14.1548
0.994,14.144
0.995,14.1333
0.996,14.1225
0.997,14.1117
0.998,14.1009
0.999,14.0901
1,14.0793
1.001,14.0684
1.002,14.0576
1.003,14.0468
1.004,14.0359
1.005,14.025
1.006,14.0141
1.007,14.0033
1.008,13.9924
1.009,13.9815
1.01,13.9705
1.011,13.9596
1.012,13.9487
1.013,13.9377
1.014,13.9268
1.015,13.9158
1.016,13.9048
1.017,13.8938
1.018,13.8828
1.019,13.8718
1.02,13.8608
1.021,13.8498
1.022,13.8388
1.023,13.8277
1.024,13.8167
1.025,13.8056
1.026,13.7945
1.027,13.7834
1.028,13.7723
1.029,13.7612
1.03,13.7501
1.031,13.739
1.032,13.7279
1.033,13.7167
1.034,13.7056
1.035,13.6944
1.036,13.6832
1.037,13.672
1.038,13.6608
1.039,13.6496
1.04,13.6384
1.041,13.6272
1.042,13.616
1.043,13.6047
1.044,13.5935
1.045,13.5822
1.046,13.571
1.047,13.5597
1.048,13.5484
1.049,13.5371
1.05,13.5258
1.051,13.5144
1.052,13.5031
1.053,13.4918
1.054,13.4804
1.055,13.4691
1.056,13.4577
1.057,13.4463
1.058,13.4349
1.059,13.4235
1.06,13.4121
1.061,13.4007
1.062,13.3893
1.063,13.3778
1.064,13.3664
1.065,13.3549
1.066,13.3435
1.067,13.332
1.068,13.3205
1.069,13.309
1.07,13.2975
1.071,13.286
1.072,13.2745
1.073,13.2629
1.074,13.2514
1.075,13.2398
1.076,13.2283
1.077,13.2167
1.078,13.2051
1.079,13.1935
1.08,13.1819
1.081,13.1703
1.082,13.1587
1.083,13.147
1.084,13.1354
1.085,13.1237
1.086,13.1121
1.087,13.1004
1.088,13.0887
1.089,13.077
1.09,13.0653
1.091,13.0536
1.092,13.0419
1.093,13.0301
1.094,13.0184
1.095,13.0066
1.096,12.9949
1.097,12.9831
1.098,12.9713
1.099,12.9595
1.1,12.9477
1.101,12.9359
1.102,12.9241
1.103,12.9123
1.104,12.9004
1.105,12.8886
1.106,12.8767
1.107,12.8649
1.108,12.853
1.109,12.8411
1.11,12.8292
1.111,12.8173
1.112,12.8054
1.113,12.7934
1.114,12.7815
1.115,12.7695
1.116,12.7576
1.117,12.7456
1.118,12.7336
1.119,12.7217
1.12,12.7097
1.121,12.6977
1.122,12.6856
1.123,12.6736
1.124,12.6616
1.125,12.6495
1.126,12.6375
1.127,12.6254
1.128,12.6133
1.129,12.6012
1.13,12.5891
1.131,12.577
1.132,12.5649
1.133,12.5528
1.134,12.5407
1.135,12.5285
1.136,12.5164
1.137,12.5042
1.138,12.492
1.139,12.4798
1.14,12.4677
1.141,12.4555
1.142,12.4432
1.143,12.431
1.144,12.4188
1.145,12.4065
1.146,12.3943
1.147,12.382
1.148,12.3698
1.149,12.3575
1.15,12.3452
1.151,12.3329
1.152,12.3206
1.153,12.3082
1.154,12.2959
1.155,12.2836
1.156,12.2712
1.157,12.2589
1.158,12.2465
1.159,12.2341
1.16,12.2217
1.161,12.2093
1.162,12.1969
1.163,12.1845
1.164,12.1721
1.165,12.1596
1.166,12.1472
1.167,12.1347
1.168,12.1223
1.169,12.1098
1.17,12.0973
1.171,12.0848
1.172,12.0723
1.173,12.0598
1.174,12.0472
1.175,12.0347
1.176,12.0222
1.177,12.0096
1.178,11.997
1.179,11.9845
1.18,11.9719
1.181,11.9593
1.182,11.9467
1.183,11.9341
1.184,11.9214
1.185,11.9088
1.186,11.8962
1.187,11.8835
1.188,11.8708
1.189,11.8582
1.19,11.8455
1.191,11.8328
1.192,11.8201
1.193,11.8074
1.194,11.7946
1.195,11.7819
1.196,11.7692
1.197,11.7564
1.198,11.7437
1.199,11.7309
1.2,11.7181
1.201,11.7053
1.202,11.6925
1.203,11.6797
1.204,11.6669
1.205,11.654
1.206,11.6412
1.207,11.6284
1.208,11.6155
1.209,11.6026
1.21,11.5897
1.211,11.5769
1.212,11.564
1.213,11.551
1.214,11.5381
1.215,11.5252
1.216,11.5123
1.217,11.4993
1.218,11.4863
1.219,11.4734
1.22,11.4604
1.221,11.4474
1.222,11.4344
1.223,11.4214
1.224,11.4084
1.225,11.3954
1.226,11.3823
1.227,11.3693
1.228,11.3562
1.229,11.3432
1.23,11.3301
1.231,11.317
1.232,11.3039
1.233,11.2908
1.234,11.2777
1.235,11.2646
1.236,11.2514
1.237,11.2383
1.238,11.2251
1.239,11.212
1.24,11.1988
1.241,11.1856
1.242,11.1724
1.243,11.1592
1.244,11.146
1.245,11.1328
1.246,11.1195
1.247,11.1063
1.248,11.093
1.249,11.0798
1.25,11.0665
1.251,11.0532
1.252,11.0399
1.253,11.0266
1.254,11.0133
1.255,11
1.256,10.9867
1.257,10.9733
1.258,10.96
1.259,10.9466
1.26,10.9332
1.261,10.9198
1.262,10.9065
1.263,10.8931
1.264,10.8796
1.265,10.8662
1.266,10.8528
1.267,10.8394
1.268,10.8259
1.269,10.8124
1.27,10.799
1.271,10.7855
1.272,10.772
1.273,10.7585
1.274,10.745
1.275,10.7315
1.276,10.718
1.277,10.7044
1.278,10.6909
1.279,10.6773
1.28,10.6638
1.281,10.6502
1.282,10.6366
1.283,10.623
1.284,10.6094
1.285,10.5958
1.286,10.5821
1.287,10.5685
1.288,10.5549
1.289,10.5412
1.29,10.5275
1.291,10.5139
1.292,10.5002
1.293,10.4865
1.294,10.4728
1.295,10.4591
1.296,10.4454
1.297,10.4316
1.298,10.4179
1.299,10.4041
1.3,10.3904
1.301,10.3766
1.302,10.3628
1.303,10.349
1.304,10.3352
1.305,10.3214
1.306,10.3076
1.307,10.2937
1.308,10.2799
1.309,10.266
1.31,10.2522
1.311,10.2383
1.312,10.2244
1.313,10.2105
1.314,10.1966
1.315,10.1827
1.316,10.1688
1.317,10.1549
1.318,10.1409
1.319,10.127
1.32,10.113
1.321,10.0991
1.322,10.0851
1.323,10.0711
1.324,10.0571
1.325,10.0431
1.326,10.0291
1.327,10.015
1.328,10.001
1.329,9.98696
1.33,9.97291
1.331,9.95884
1.332,9.94476
1.333,9.93067
1.334,9.91658
1.335,9.90247
1.336,9.88835
1.337,9.87423
1.338,9.86009
1.339,9.84595
1.34,9.83179
1.341,9.81763
1.342,9.80345
1.343,9.78927
1.344,9.77507
1.345,9.76087
1.346,9.74665
1.347,9.73243
1.348,9.71819
1.349,9.70395
1.35,9.6897
1.351,9.67543
1.352,9.66116
1.353,9.64688
1.354,9.63258
1.355,9.61828
1.356,9.60397
1.357,9.58965
1.358,9.57531
1.359,9.56097
1.36,9.54662
1.361,9.53226
1.362,9.51789
1.363,9.50351
1.364,9.48912
1.365,9.47472
1.366,9.4603
1.367,9.44588
1.368,9.43145
1.369,9.41701
1.37,9.40256
1.371,9.3881
1.372,9.37364
1.373,9.35916
1.374,9.34467
1.375,9.33017
1.376,9.31566
1.377,9.30114
1.378,9.28661
1.379,9.27207
1.38,9.25753
1.381,9.24297
1.382,9.2284
1.383,9.21382
1.384,9.19924
1.385,9.18464
1.386,9.17003
1.387,9.15542
1.388,9.14079
1.389,9.12615
1.39,9.11151
1.391,9.09685
1.392,9.08219
1.393,9.06751
1.394,9.05283
1.395,9.03813
1.396,9.02343
1.397,9.00871
1.398,8.99399
1.399,8.97925
1.4,8.96451
1.401,8.94975
1.402,8.93499
1.403,8.92022
1.404,8.90543
1.405,8.89064
1.406,8.87584
1.407,8.86103
1.408,8.8462
1.409,8.83137
1.41,8.81653
1.411,8.80168
1.412,8.78681
1.413,8.77194
1.414,8.75706
1.415,8.74217
1.416,8.72727
1.417,8.71236
1.418,8.69744
1.419,8.68251
1.42,8.66757
1.421,8.65262
1.422,8.63766
1.423,8.62269
1.424,8.60771
1.425,8.59272
1.426,8.57772
1.427,8.56271
1.428,8.54769
1.429,8.53266
1.43,8.51762
1.431,8.50258
1.432,8.48752
1.433,8.47245
1.434,8.45737
1.435,8.44229
1.436,8.42719
1.437,8.41208
1.438,8.39697
1.439,8.38184
1.44,8.3667
1.441,8.35155
1.442,8.3364
1.443,8.32123
1.444,8.30606
1.445,8.29087
1.446,8.27568
1.447,8.26047
1.448,8.24526
1.449,8.23003
1.45,8.2148
1.451,8.19955
1.452,8.1843
1.453,8.16903
1.454,8.15376
1.455,8.13848
1.456,8.12318
1.457,8.10788
1.458,8.09257
1.459,8.07724
1.46,8.06191
1.461,8.04657
1.462,8.03121
1.463,8.01585
1.464,8.00048
1.465,7.9851
1.466,7.96971
1.467,7.95431
1.468,7.93889
1.469,7.92347
1.47,7.90804
1.471,7.8926
1.472,7.87715
1.473,7.86169
1.474,7.84622
1.475,7.83074
1.476,7.81525
1.477,7.79975
1.478,7.78424
1.479,7.76872
1.48,7.75319
1.481,7.73766
1.482,7.72211
1.483,7.70655
1.484,7.69098
1.485,7.6754
1.486,7.65982
1.487,7.64422
1.488,7.62861
1.489,7.61299
1.49,7.59737
1.491,7.58173
1.492,7.56608
1.493,7.55043
1.494,7.53476
1.495,7.51908
1.496,7.5034
1.497,7.4877
1.498,7.472
1.499,7.45628
1.5,7.44056
1.501,7.42482
1.502,7.40908
1.503,7.39332
1.504,7.37756
1.505,7.36178
1.506,7.346
1.507,7.33021
1.508,7.3144
1.509,7.29859
1.51,7.28276
1.511,7.26693
1.512,7.25109
1.513,7.23524
1.514,7.21937
1.515,7.2035
1.516,7.18762
1.517,7.17173
1.518,7.15583
1.519,7.13991
1.52,7.12399
1.521,7.10806
1.522,7.09212
1.523,7.07617
1.524,7.06021
1.525,7.04424
1.526,7.02826
1.527,7.01227
1.528,6.99627
1.529,6.98026
1.53,6.96424
1.531,6.94821
1.532,6.93217
1.533,6.91612
1.534,6.90006
1.535,6.884
1.536,6.86792
1.537,6.85183
1.538,6.83573
1.539,6.81962
1.54,6.80351
1.541,6.78738
1.542,6.77124
1.543,6.75509
1.544,6.73894
1.545,6.72277
1.546,6.70659
1.547,6.69041
1.548,6.67421
1.549,6.65801
1.55,6.64179
1.551,6.62557
1.552,6.60933
1.553,6.59308
1.554,6.57683
1.555,6.56056
1.556,6.54429
1.557,6.52801
1.558,6.51171
1.559,6.49541
1.56,6.47909
1.561,6.46277
1.562,6.44644
1.563,6.43009
1.564,6.41374
1.565,6.39738
1.566,6.38101
1.567,6.36462
1.568,6.34823
1.569,6.33183
1.57,6.31542
1.571,6.299
1.572,6.28256
1.573,6.26612
1.574,6.24967
1.575,6.23321
1.576,6.21674
1.577,6.20026
1.578,6.18377
1.579,6.16727
1.58,6.15076
1.581,6.13424
1.582,6.11771
1.583,6.10117
1.584,6.08462
1.585,6.06806
1.586,6.05149
1.587,6.03491
1.588,6.01833
1.589,6.00173
1.59,5.98512
1.591,5.9685
1.592,5.95187
1.593,5.93524
1.594,5.91859
1.595,5.90193
1.596,5.88527
1.597,5.86859
1.598,5.8519
1.599,5.83521
1.6,5.8185
1.601,5.80178
1.602,5.78506
1.603,5.76832
1.604,5.75158
1.605,5.73482
1.606,5.71806
1.607,5.70128
1.608,5.6845
1.609,5.6677
1.61,5.6509
1.611,5.63409
1.612,5.61726
1.613,5.60043
1.614,5.58358
1.615,5.56673
1.616,5.54987
1.617,5.533
1.618,5.51611
1.619,5.49922
1.62,5.48232
1.621,5.46541
1.622,5.44848
1.623,5.43155
1.624,5.41461
1.625,5.39766
1.626,5.3807
1.627,5.36373
1.628,5.34675
1.629,5.32976
1.63,5.31276
1.631,5.29575
1.632,5.27873
1.633,5.2617
1.634,5.24466
1.635,5.22761
1.636,5.21055
1.637,5.19348
1.638,5.1764
1.639,5.15931
1.64,5.14221
1.641,5.1251
1.642,5.10799
1.643,5.09086
1.644,5.07372
1.645,5.05657
1.646,5.03941
1.647,5.02225
1.648,5.00507
1.649,4.98788
1.65,4.97069
1.651,4.95348
1.652,4.93626
1.653,4.91904
1.654,4.9018
1.655,4.88456
1.656,4.8673
1.657,4.85004
1.658,4.83276
1.659,4.81548
1.66,4.79818
1.661,4.78088
1.662,4.76356
1.663,4.74624
1.664,4.72891
1.665,4.71156
1.666,4.69421
1.667,4.67684
1.668,4.65947
1.669,4.64209
1.67,4.6247
1.671,4.60729
1.672,4.58988
1.673,4.57246
1.674,4.55503
1.675,4.53758
1.676,4.52013
1.677,4.50267
1.678,4.4852
1.679,4.46772
1.68,4.45023
1.681,4.43273
1.682,4.41522
1.683,4.3977
1.684,4.38017
1.685,4.36263
1.686,4.34508
1.687,4.32752
1.688,4.30995
1.689,4.29237
1.69,4.27478
1.691,4.25718
1.692,4.23957
1.693,4.22195
1.694,4.20433
1.695,4.18669
1.696,4.16904
1.697,4.15138
1.698,4.13372
1.699,4.11604
1.7,4.09835
1.701,4.08065
1.702,4.06295
1.703,4.04523
1.704,4.0275
1.705,4.00977
1.706,3.99202
1.707,3.97427
1.708,3.9565
1.709,3.93873
1.71,3.92094
1.711,3.90315
1.712,3.88534
1.713,3.86753
1.714,3.8497
1.715,3.83187
1.716,3.81402
1.717,3.79617
1.718,3.77831
1.719,3.76043
1.72,3.74255
1.721,3.72466
1.722,3.70675
1.723,3.68884
1.724,3.67092
1.725,3.65299
1.726,3.63504
1.727,3.61709
1.728,3.59913
1.729,3.58116
1.73,3.56318
1.731,3.54519
1.732,3.52719
1.733,3.50917
1.734,3.49115
1.735,3.47312
1.736,3.45508
1.737,3.43703
1.738,3.41897
1.739,3.4009
1.74,3.38282
1.741,3.36474
1.742,3.34664
1.743,3.32853
1.744,3.31041
1.745,3.29228
1.746,3.27414
1.747,3.25599
1.748,3.23784
1.749,3.21967
1.75,3.20149
1.751,3.1833
1.752,3.16511
1.753,3.1469
1.754,3.12868
1.755,3.11046
1.756,3.09222
1.757,3.07397
1.758,3.05572
1.759,3.03745
1.76,3.01918
1.761,3.00089
1.762,2.98259
1.763,2.96429
1.764,2.94598
1.765,2.92765
1.766,2.90932
1.767,2.89097
1.768,2.87262
1.769,2.85425
1.77,2.83588
1.771,2.8175
1.772,2.7991
1.773,2.7807
1.774,2.76229
1.775,2.74386
1.776,2.72543
1.777,2.70699
1.778,2.68854
1.779,2.67007
1.78,2.6516
1.781,2.63312
1.782,2.61463
1.783,2.59613
1.784,2.57762
1.785,2.5591
1.786,2.54057
1.787,2.52203
1.788,2.50348
1.789,2.48492
1.79,2.46635
1.791,2.44777
1.792,2.42918
1.793,2.41058
1.794,2.39197
1.795,2.37335
1.796,2.35472
1.797,2.33608
1.798,2.31743
1.799,2.29877
1.8,2.28011
1.801,2.26143
1.802,2.24274
1.803,2.22404
1.804,2.20534
1.805,2.18662
1.806,2.16789
1.807,2.14916
1.808,2.13041
1.809,2.11165
1.81,2.09289
1.811,2.07411
1.812,2.05533
1.813,2.03653
1.814,2.01772
1.815,1.99891
1.816,1.98008
1.817,1.96125
1.818,1.94241
1.819,1.92355
1.82,1.90469
1.821,1.88581
1.822,1.86693
1.823,1.84804
1.824,1.82913
1.825,1.81022
1.826,1.7913
1.827,1.77236
1.828,1.75342
1.829,1.73447
1.83,1.71551
1.831,1.69653
1.832,1.67755
1.833,1.65856
1.834,1.63956
1.835,1.62055
1.836,1.60153
1.837,1.58249
1.838,1.56345
1.839,1.5444
1.84,1.52534
1.841,1.50627
1.842,1.48719
1.843,1.4681
1.844,1.449
1.845,1.42989
1.846,1.41077
1.847,1.39165
1.848,1.37251
1.849,1.35336
1.85,1.3342
1.851,1.31503
1.852,1.29585
1.853,1.27666
1.854,1.25747
1.855,1.23826
1.856,1.21904
1.857,1.19982
1.858,1.18058
1.859,1.16133
1.86,1.14207
1.861,1.12281
1.862,1.10353
1.863,1.08425
1.864,1.06495
1.865,1.04564
1.866,1.02633
1.867,1.007
1.868,0.987669
1.869,0.968324
1.87,0.948969
1.871,0.929605
1.872,0.91023
1.873,0.890846
1.874,0.871452
1.875,0.852049
1.876,0.832635
1.877,0.813212
1.878,0.793779
1.879,0.774336
1.88,0.754883
1.881,0.73542
1.882,0.715948
1.883,0.696466
1.884,0.676974
1.885,0.657472
1.886,0.63796
1.887,0.618439
1.888,0.598908
1.889,0.579367
1.89,0.559816
1.891,0.540255
1.892,0.520684
1.893,0.501104
1.894,0.481514
1.895,0.461914
1.896,0.442304
1.897,0.422685
1.898,0.403056
1.899,0.383416
1.9,0.363767
1.901,0.344109
1.902,0.32444
1.903,0.304762
1.904,0.285073
1.905,0.265375
1.906,0.245668
1.907,0.22595
1.908,0.206223
1.909,0.186485
1.91,0.166738
1.911,0.146981
1.912,0.127215
1.913,0.107438
1.914,0.0895304
1.915,0.0994137
1.916,0.109287
1.917,0.119151
1.918,0.129005
1.919,0.138849
1.92,0.148683
1.921,0.158508
1.922,0.168322
1.923,0.178127
1.924,0.187922
1.925,0.197708
1.926,0.207483
1.927,0.217249
1.928,0.227004
1.929,0.23675
1.93,0.246487
1.931,0.256213
1.932,0.265929
1.933,0.275636
1.934,0.285333
1.935,0.29502
1.936,0.304698
1.937,0.314365
1.938,0.324023
1.939,0.333671
1.94,0.343309
1.941,0.352937
1.942,0.362555
1.943,0.372164
1.944,0.381763
1.945,0.391352
1.946,0.400931
1.947,0.410501
1.948,0.42006
1.949,0.42961
1.95,0.43915
1.951,0.44868
1.952,0.4582
1.953,0.467711
1.954,0.477212
1.955,0.486703
1.956,0.496184
1.957,0.505655
1.958,0.515117
1.959,0.524568
1.96,0.53401
1.961,0.543442
1.962,0.552864
1.963,0.562277
1.964,0.571679
1.965,0.581072
1.966,0.590455
1.967,0.599828
1.968,0.609192
1.969,0.618545
1.97,0.627889
1.971,0.637223
1.972,0.646547
1.973,0.655862
1.974,0.665166
1.975,0.674461
1.976,0.683746
1.977,0.693021
1.978,0.702286
1.979,0.711542
1.98,0.720787
1.981,0.730023
1.982,0.739249
1.983,0.748465
1.984,0.757672
1.985,0.766868
1.986,0.776055
1.987,0.785232
1.988,0.794399
1.989,0.803557
1.99,0.812704
1.991,0.821842
1.992,0.83097
1.993,0.840088
1.994,0.849196
1.995,0.858295
1.996,0.867384
1.997,0.876462
1.998,0.885531
1.999,0.894591
2,0.90364
2.001,0.91268
2.002,0.92171
2.003,0.93073
2.004,0.93974
2.005,0.94874
2.006,0.957731
2.007,0.966712
2.008,0.975683
2.009,0.984644
2.01,0.993595
2.011,1.00254
2.012,1.01147
2.013,1.02039
2.014,1.0293
2.015,1.0382
2.016,1.0471
2.017,1.05598
2.018,1.06485
2.019,1.07372
2.02,1.08257
2.021,1.09141
2.022,1.10025
2.023,1.10907
2.024,1.11788
2.025,1.12669
2.026,1.13548
2.027,1.14427
2.028,1.15304
2.029,1.16181
2.03,1.17056
2.031,1.17931
2.032,1.18804
2.033,1.19677
2.034,1.20548
2.035,1.21419
2.036,1.22289
2.037,1.23157
2.038,1.24025
2.039,1.24892
2.04,1.25757
2.041,1.26622
2.042,1.27486
2.043,1.28349
2.044,1.2921
2.045,1.30071
2.046,1.30931
2.047,1.3179
2.048,1.32648
2.049,1.33505
2.05,1.3436
2.051,1.35215
2.052,1.36069
2.053,1.36922
2.054,1.37774
2.055,1.38625
2.056,1.39475
2.057,1.40324
2.058,1.41172
2.059,1.42019
2.06,1.42865
2.061,1.43711
2.062,1.44555
2.063,1.45398
2.064,1.4624
2.065,1.47081
2.066,1.47921
2.067,1.48761
2.068,1.49599
2.069,1.50436
2.07,1.51272
2.071,1.52108
2.072,1.52942
2.073,1.53775
2.074,1.54608
2.075,1.55439
2.076,1.56269
2.077,1.57099
2.078,1.57927
2.079,1.58755
2.08,1.59581
2.081,1.60407
2.082,1.61231
2.083,1.62055
2.084,1.62877
2.085,1.63699
2.086,1.64519
2.087,1.65339
2.088,1.66157
2.089,1.66975
2.09,1.67792
2.091,1.68607
2.092,1.69422
2.093,1.70236
2.094,1.71048
2.095,1.7186
2.096,1.72671
2.097,1.73481
2.098,1.7429
2.099,1.75097
2.1,1.75904
2.101,1.7671
2.102,1.77515
2.103,1.78319
2.104,1.79122
2.105,1.79924
2.106,1.80725
2.107,1.81525
2.108,1.82324
2.109,1.83122
2.11,1.83919
2.111,1.84715
2.112,1.8551
2.113,1.86304
2.114,1.87097
2.115,1.87889
2.116,1.8868
2.117,1.8947
2.118,1.9026
2.119,1.91048
2.12,1.91835
2.121,1.92621
2.122,1.93407
2.123,1.94191
2.124,1.94974
2.125,1.95756
2.126,1.96538
2.127,1.97318
2.128,1.98097
2.129,1.98876
2.13,1.99653
2.131,2.0043
2.132,2.01205
2.133,2.0198
2.134,2.02753
2.135,2.03526
2.136,2.04297
2.137,2.05068
2.138,2.05837
2.139,2.06606
2.14,2.07373
2.141,2.0814
2.142,2.08906
2.143,2.0967
2.144,2.10434
2.145,2.11197
2.146,2.11958
2.147,2.12719
2.148,2.13479
2.149,2.14238
2.15,2.14995
2.151,2.15752
2.152,2.16508
2.153,2.17263
2.154,2.18017
2.155,2.1877
2.156,2.19522
2.157,2.20273
2.158,2.21022
2.159,2.21771
2.16,2.22519
2.161,2.23266
2.162,2.24012
2.163,2.24757
2.164,2.25502
2.165,2.26245
2.166,2.26987
2.167,2.27728
2.168,2.28468
2.169,2.29207
2.17,2.29945
2.171,2.30682
2.172,2.31419
2.173,2.32154
2.174,2.32888
2.175,2.33621
2.176,2.34354
2.177,2.35085
2.178,2.35815
2.179,2.36545
2.18,2.37273
2.181,2.38
2.182,2.38727
2.183,2.39452
2.184,2.40177
2.185,2.409
2.186,2.41623
2.187,2.42344
2.188,2.43065
2.189,2.43784
2.19,2.44503
2.191,2.4522
2.192,2.45937
2.193,2.46652
2.194,2.47367
2.195,2.48081
2.196,2.48793
2.197,2.49505
2.198,2.50216
2.199,2.50925
2.2,2.51634
2.201,2.52342
2.202,2.53049
2.203,2.53755
2.204,2.54459
2.205,2.55163
2.206,2.55866
2.207,2.56568
2.208,2.57269
2.209,2.57969
2.21,2.58668
2.211,2.59366
2.212,2.60063
2.213,2.60759
2.214,2.61454
2.215,2.62148
2.216,2.62841
2.217,2.63533
2.218,2.64224
2.219,2.64914
2.22,2.65603
2.221,2.66291
2.222,2.66978
2.223,2.67665
2.224,2.6835
2.225,2.69034
2.226,2.69717
2.227,2.70399
2.228,2.71081
2.229,2.71761
2.23,2.7244
2.231,2.73119
2.232,2.73796
2.233,2.74472
2.234,2.75148
2.235,2.75822
2.236,2.76496
2.237,2.77168
2.238,2.77839
2.239,2.7851
2.24,2.79179
2.241,2.79848
2.242,2.80516
2.243,2.81182
2.244,2.81848
2.245,2.82512
2.246,2.83176
2.247,2.83838
2.248,2.845
2.249,2.85161
2.25,2.8582
2.251,2.86479
2.252,2.87137
2.253,2.87794
2.254,2.88449
2.255,2.89104
2.256,2.89758
2.257,2.90411
2.258,2.91063
2.259,2.91714
2.26,2.92363
2.261,2.93012
2.262,2.9366
2.263,2.94307
2.264,2.94953
2.265,2.95598
2.266,2.96242
2.267,2.96885
2.268,2.97527
2.269,2.98168
2.27,2.98808
2.271,2.99447
2.272,3.00085
2.273,3.00723
2.274,3.01359
2.275,3.01994
2.276,3.02628
2.277,3.03261
2.278,3.03894
2.279,3.04525
2.28,3.05155
2.281,3.05784
2.282,3.06413
2.283,3.0704
2.284,3.07666
2.285,3.08292
2.286,3.08916
2.287,3.09539
2.288,3.10162
2.289,3.10783
2.29,3.11404
2.291,3.12023
2.292,3.12642
2.293,3.13259
2.294,3.13876
2.295,3.14491
2.296,3.15106
2.297,3.15719
2.298,3.16332
2.299,3.16944
2.3,3.17554
2.301,3.18164
2.302,3.18773
2.303,3.1938
2.304,3.19987
2.305,3.20593
2.306,3.21197
2.307,3.21801
2.308,3.22404
2.309,3.23006
2.31,3.23607
2.311,3.24207
2.312,3.24805
2.313,3.25403
2.314,3.26
2.315,3.26596
2.316,3.27191
2.317,3.27785
2.318,3.28378
2.319,3.2897
2.32,3.29561
2.321,3.30151
2.322,3.3074
2.323,3.31328
2.324,3.31915
2.325,3.32501
2.326,3.33087
2.327,3.33671
2.328,3.34254
2.329,3.34836
2.33,3.35417
2.331,3.35998
2.332,3.36577
2.333,3.37155
2.334,3.37732
2.335,3.38309
2.336,3.38884
2.337,3.39458
2.338,3.40032
2.339,3.40604
2.34,3.41175
2.341,3.41746
2.342,3.42315
2.343,3.42884
2.344,3.43451
2.345,3.44018
2.346,3.44583
2.347,3.45148
2.348,3.45711
2.349,3.46274
2.35,3.46836
2.351,3.47396
2.352,3.47956
2.353,3.48514
2.354,3.49072
2.355,3.49629
2.356,3.50184
2.357,3.50739
2.358,3.51293
2.359,3.51846
2.36,3.52397
2.361,3.52948
2.362,3.53498
2.363,3.54047
2.364,3.54595
2.365,3.55142
2.366,3.55688
2.367,3.56232
2.368,3.56776
2.369,3.57319
2.37,3.57861
2.371,3.58402
2.372,3.58942
2.373,3.59481
2.374,3.60019
2.375,3.60556
2.376,3.61093
2.377,3.61628
2.378,3.62162
2.379,3.62695
2.38,3.63227
2.381,3.63758
2.382,3.64288
2.383,3.64818
2.384,3.65346
2.385,3.65873
2.386,3.66399
2.387,3.66925
2.388,3.67449
2.389,3.67972
2.39,3.68495
2.391,3.69016
2.392,3.69536
2.393,3.70056
2.394,3.70574
2.395,3.71092
2.396,3.71608
2.397,3.72124
2.398,3.72638
2.399,3.73152
2.4,3.73664
2.401,3.74176
2.402,3.74686
2.403,3.75196
2.404,3.75705
2.405,3.76212
2.406,3.76719
2.407,3.77225
2.408,3.77729
2.409,3.78233
2.41,3.78736
2.411,3.79238
2.412,3.79738
2.413,3.80238
2.414,3.80737
2.415,3.81235
2.416,3.81732
2.417,3.82227
2.418,3.82722
2.419,3.83216
2.42,3.83709
2.421,3.84201
2.422,3.84692
2.423,3.85182
2.424,3.85671
2.425,3.86159
2.426,3.86646
2.427,3.87132
2.428,3.87617
2.429,3.88101
2.43,3.88584
2.431,3.89066
2.432,3.89548
2.433,3.90028
2.434,3.90507
2.435,3.90985
2.436,3.91462
2.437,3.91939
2.438,3.92414
2.439,3.92888
2.44,3.93362
2.441,3.93834
2.442,3.94305
2.443,3.94776
2.444,3.95245
2.445,3.95713
2.446,3.96181
2.447,3.96647
2.448,3.97113
2.449,3.97577
2.45,3.98041
2.451,3.98503
2.452,3.98965
2.453,3.99425
2.454,3.99885
2.455,4.00343
2.456,4.00801
2.457,4.01258
2.458,4.01713
2.459,4.02168
2.46,4.02622
2.461,4.03074
2.462,4.03526
2.463,4.03977
2.464,4.04426
2.465,4.04875
2.466,4.05323
2.467,4.0577
2.468,4.06216
2.469,4.06661
2.47,4.07104
2.471,4.07547
2.472,4.07989
2.473,4.0843
2.474,4.0887
2.475,4.09309
2.476,4.09747
2.477,4.10184
2.478,4.1062
2.479,4.11055
2.48,4.11489
2.481,4.11922
2.482,4.12354
2.483,4.12785
2.484,4.13216
2.485,4.13645
2.486,4.14073
2.487,4.145
2.488,4.14926
2.489,4.15352
2.49,4.15776
2.491,4.16199
2.492,4.16621
2.493,4.17043
2.494,4.17463
2.495,4.17882
2.496,4.18301
2.497,4.18718
2.498,4.19135
2.499,4.1955
2.5,4.19964
2.501,4.20378
2.502,4.2079
2.503,4.21202
2.504,4.21612
2.505,4.22022
2.506,4.2243
2.507,4.22838
2.508,4.23245
2.509,4.2365
2.51,4.24055
2.511,4.24458
2.512,4.24861
2.513,4.25263
2.514,4.25664
2.515,4.26063
2.516,4.26462
2.517,4.2686
2.518,4.27257
2.519,4.27652
2.52,4.28047
2.521,4.28441
2.522,4.28834
2.523,4.29226
2.524,4.29617
2.525,4.30007
2.526,4.30396
2.527,4.30783
2.528,4.3117
2.529,4.31556
2.53,4.31941
2.531,4.32325
2.532,4.32709
2.533,4.33091
2.534,4.33472
2.535,4.33852
2.536,4.34231
2.537,4.34609
2.538,4.34986
2.539,4.35362
2.54,4.35738
2.541,4.36112
2.542,4.36485
2.543,4.36857
2.544,4.37229
2.545,4.37599
2.546,4.37968
2.547,4.38337
2.548,4.38704
2.549,4.3907
2.55,4.39436
2.551,4.398
2.552,4.40164
2.553,4.40526
2.554,4.40887
2.555,4.41248
2.556,4.41607
2.557,4.41966
2.558,4.42323
2.559,4.4268
2.56,4.43036
2.561,4.4339
2.562,4.43744
2.563,4.44097
2.564,4.44448
2.565,4.44799
2.566,4.45149
2.567,4.45497
2.568,4.45845
2.569,4.46192
2.57,4.46538
2.571,4.46882
2.572,4.47226
2.573,4.47569
2.574,4.47911
2.575,4.48252
2.576,4.48592
2.577,4.4893
2.578,4.49268
2.579,4.49605
2.58,4.49941
2.581,4.50276
2.582,4.5061
2.583,4.50943
2.584,4.51275
2.585,4.51606
2.586,4.51936
2.587,4.52266
2.588,4.52594
2.589,4.52921
2.59,4.53247
2.591,4.53572
2.592,4.53896
2.593,4.54219
2.594,4.54542
2.595,4.54863
2.596,4.55183
2.597,4.55503
2.598,4.55821
2.599,4.56138
2.6,4.56454
2.601,4.5677
2.602,4.57084
2.603,4.57398
2.604,4.5771
2.605,4.58021
2.606,4.58332
2.607,4.58641
2.608,4.5895
2.609,4.59257
2.61,4.59564
2.611,4.59869
2.612,4.60174
2.613,4.60478
2.614,4.6078
2.615,4.61082
2.616,4.61383
2.617,4.61682
2.618,4.61981
2.619,4.62279
2.62,4.62575
2.621,4.62871
2.622,4.63166
2.623,4.6346
2.624,4.63752
2.625,4.64044
2.626,4.64335
2.627,4.64625
2.628,4.64914
2.629,4.65202
2.63,4.65489
2.631,4.65774
2.632,4.66059
2.633,4.66343
2.634,4.66626
2.635,4.66908
2.636,4.67189
2.637,4.6747
2.638,4.67749
2.639,4.68027
2.64,4.68304
2.641,4.6858
2.642,4.68855
2.643,4.69129
2.644,4.69402
2.645,4.69675
2.646,4.69946
2.647,4.70216
2.648,4.70485
2.649,4.70754
2.65,4.71021
2.651,4.71287
2.652,4.71552
2.653,4.71817
2.654,4.7208
2.655,4.72343
2.656,4.72604
2.657,4.72864
2.658,4.73124
2.659,4.73382
2.66,4.7364
2.661,4.73896
2.662,4.74152
2.663,4.74406
2.664,4.7466
2.665,4.74913
2.666,4.75164
2.667,4.75415
2.668,4.75664
2.669,4.75913
2.67,4.76161
2.671,4.76407
2.672,4.76653
2.673,4.76898
2.674,4.77142
2.675,4.77384
2.676,4.77626
2.677,4.77867
2.678,4.78107
2.679,4.78346
2.68,4.78583
2.681,4.7882
2.682,4.79056
2.683,4.79291
2.684,4.79525
2.685,4.79758
2.686,4.7999
2.687,4.80221
2.688,4.80451
2.689,4.8068
2.69,4.80908
2.691,4.81135
2.692,4.81361
2.693,4.81586
2.694,4.8181
2.695,4.82034
2.696,4.82256
2.697,4.82477
2.698,4.82697
2.699,4.82916
2.7,4.83135
2.701,4.83352
2.702,4.83568
2.703,4.83783
2.704,4.83998
2.705,4.84211
2.706,4.84423
2.707,4.84635
2.708,4.84845
2.709,4.85055
2.71,4.85263
2.711,4.85471
2.712,4.85677
2.713,4.85882
2.714,4.86087
2.715,4.86291
2.716,4.86493
2.717,4.86695
2.718,4.86895
2.719,4.87095
2.72,4.87293
2.721,4.87491
2.722,4.87688
2.723,4.87883
2.724,4.88078
2.725,4.88272
2.726,4.88465
2.727,4.88656
2.728,4.88847
2.729,4.89037
2.73,4.89226
2.731,4.89414
2.732,4.896
2.733,4.89786
2.734,4.89971
2.735,4.90155
2.736,4.90338
2.737,4.9052
2.738,4.90701
2.739,4.90881
2.74,4.9106
2.741,4.91238
2.742,4.91415
2.743,4.91591
2.744,4.91766
2.745,4.9194
2.746,4.92113
2.747,4.92285
2.748,4.92457
2.749,4.92627
2.75,4.92796
2.751,4.92964
2.752,4.93131
2.753,4.93298
2.754,4.93463
2.755,4.93627
2.756,4.93791
2.757,4.93953
2.758,4.94114
2.759,4.94275
2.76,4.94434
2.761,4.94592
2.762,4.9475
2.763,4.94906
2.764,4.95062
2.765,4.95216
2.766,4.9537
2.767,4.95522
2.768,4.95674
2.769,4.95824
2.77,4.95974
2.771,4.96122
2.772,4.9627
2.773,4.96417
2.774,4.96562
2.775,4.96707
2.776,4.96851
2.777,4.96993
2.778,4.97135
2.779,4.97276
2.78,4.97416
2.781,4.97554
2.782,4.97692
2.783,4.97829
2.784,4.97965
2.785,4.981
2.786,4.98234
2.787,4.98366
2.788,4.98498
2.789,4.98629
2.79,4.98759
2.791,4.98888
2.792,4.99016
2.793,4.99143
2.794,4.99269
2.795,4.99394
2.796,4.99518
2.797,4.99641
2.798,4.99763
2.799,4.99885
2.8,5.00005
2.801,5.00124
2.802,5.00242
2.803,5.00359
2.804,5.00476
2.805,5.00591
2.806,5.00705
2.807,5.00818
2.808,5.00931
2.809,5.01042
2.81,5.01152
2.811,5.01262
2.812,5.0137
2.813,5.01477
2.814,5.01584
2.815,5.01689
2.816,5.01794
2.817,5.01897
2.818,5.02
2.819,5.02101
2.82,5.02202
2.821,5.02301
2.822,5.024
2.823,5.02497
2.824,5.02594
2.825,5.0269
2.826,5.02784
2.827,5.02878
2.828,5.02971
2.829,5.03062
2.83,5.03153
2.831,5.03243
2.832,5.03331
2.833,5.03419
2.834,5.03506
2.835,5.03592
2.836,5.03677
2.837,5.0376
2.838,5.03843
2.839,5.03925
2.84,5.04006
2.841,5.04086
2.842,5.04165
2.843,5.04243
2.844,5.0432
2.845,5.04396
2.846,5.04471
2.847,5.04545
2.848,5.04618
2.849,5.0469
2.85,5.04761
2.851,5.04831
2.852,5.049
2.853,5.04969
2.854,5.05036
2.855,5.05102
2.856,5.05167
2.857,5.05231
2.858,5.05295
2.859,5.05357
2.86,5.05418
2.861,5.05478
2.862,5.05538
2.863,5.05596
2.864,5.05653
2.865,5.0571
2.866,5.05765
2.867,5.0582
2.868,5.05873
2.869,5.05926
2.87,5.05977
2.871,5.06027
2.872,5.06077
2.873,5.06125
2.874,5.06173
2.875,5.0622
2.876,5.06265
2.877,5.0631
2.878,5.06353
2.879,5.06396
2.88,5.06438
2.881,5.06478
2.882,5.06518
2.883,5.06557
2.884,5.06595
2.885,5.06631
2.886,5.06667
2.887,5.06702
2.888,5.06736
2.889,5.06769
2.89,5.068
2.891,5.06831
2.892,5.06861
2.893,5.0689
2.894,5.06918
2.895,5.06945
2.896,5.06971
2.897,5.06996
2.898,5.0702
2.899,5.07043
2.9,5.07065
2.901,5.07086
2.902,5.07106
2.903,5.07125
2.904,5.07143
2.905,5.0716
2.906,5.07177
2.907,5.07192
2.908,5.07206
2.909,5.07219
2.91,5.07231
2.911,5.07243
2.912,5.07253
2.913,5.07262
2.914,5.07271
2.915,5.07278
2.916,5.07284
2.917,5.0729
2.918,5.07294
2.919,5.07297
2.92,5.073
2.921,5.07301
2.922,5.07302
2.923,5.07301
2.924,5.073
2.925,5.07297
2.926,5.07294
2.927,5.07289
2.928,5.07284
2.929,5.07278
2.93,5.0727
2.931,5.07262
2.932,5.07252
2.933,5.07242
2.934,5.07231
2.935,5.07218
2.936,5.07205
2.937,5.07191
2.938,5.07176
2.939,5.07159
2.94,5.07142
2.941,5.07124
2.942,5.07105
2.943,5.07085
2.944,5.07064
2.945,5.07042
2.946,5.07018
2.947,5.06994
2.948,5.06969
2.949,5.06943
2.95,5.06916
2.951,5.06888
2.952,5.06859
2.953,5.06829
2.954,5.06798
2.955,5.06767
2.956,5.06734
2.957,5.067
2.958,5.06665
2.959,5.06629
2.96,5.06592
2.961,5.06554
2.962,5.06516
2.963,5.06476
2.964,5.06435
2.965,5.06393
2.966,5.06351
2.967,5.06307
2.968,5.06262
2.969,5.06217
2.97,5.0617
2.971,5.06123
2.972,5.06074
2.973,5.06024
2.974,5.05974
2.975,5.05922
2.976,5.0587
2.977,5.05816
2.978,5.05762
2.979,5.05706
2.98,5.0565
2.981,5.05592
2.982,5.05534
2.983,5.05475
2.984,5.05414
2.985,5.05353
2.986,5.05291
2.987,5.05227
2.988,5.05163
2.989,5.05098
2.99,5.05032
2.991,5.04964
2.992,5.04896
2.993,5.04827
2.994,5.04757
2.995,5.04686
2.996,5.04613
2.997,5.0454
2.998,5.04466
2.999,5.04391
3,5.04315
3.001,5.04238
3.002,5.0416
3.003,5.04081
3.004,5.04001
3.005,5.0392
3.006,5.03838
3.007,5.03755
3.008,5.03671
3.009,5.03587
3.01,5.03501
3.011,5.03414
3.012,5.03326
3.013,5.03237
3.014,5.03147
3.015,5.03057
3.016,5.02965
3.017,5.02872
3.018,5.02778
3.019,5.02684
3.02,5.02588
3.021,5.02491
3.022,5.02394
3.023,5.02295
3.024,5.02196
3.025,5.02095
3.026,5.01993
3.027,5.01891
3.028,5.01787
3.029,5.01683
3.03,5.01577
3.031,5.01471
3.032,5.01363
3.033,5.01255
3.034,5.01146
3.035,5.01035
3.036,5.00924
3.037,5.00811
3.038,5.00698
3.039,5.00584
3.04,5.00468
3.041,5.00352
3.042,5.00235
3.043,5.00117
3.044,4.99997
3.045,4.99877
3.046,4.99756
3.047,4.99634
3.048,4.99511
3.049,4.99387
3.05,4.99261
3.051,4.99135
3.052,4.99008
3.053,4.9888
3.054,4.98751
3.055,4.98621
3.056,4.9849
3.057,4.98358
3.058,4.98225
3.059,4.98091
3.06,4.97956
3.061,4.97821
3.062,4.97684
3.063,4.97546
3.064,4.97407
3.065,4.97267
3.066,4.97126
3.067,4.96985
3.068,4.96842
3.069,4.96698
3.07,4.96553
3.071,4.96408
3.072,4.96261
3.073,4.96113
3.074,4.95965
3.075,4.95815
3.076,4.95664
3.077,4.95513
3.078,4.9536
3.079,4.95207
3.08,4.95052
3.081,4.94897
3.082,4.9474
3.083,4.94583
3.084,4.94424
3.085,4.94265
3.086,4.94104
3.087,4.93943
3.088,4.93781
3.089,4.93617
3.09,4.93453
3.091,4.93287
3.092,4.93121
3.093,4.92954
3.094,4.92786
3.095,4.92616
3.096,4.92446
3.097,4.92275
3.098,4.92103
3.099,4.9193
3.1,4.91755
3.101,4.9158
3.102,4.91404
3.103,4.91227
3.104,4.91049
3.105,4.9087
3.106,4.9069
3.107,4.90509
3.108,4.90327
3.109,4.90144
3.11,4.8996
3.111,4.89775
3.112,4.89589
3.113,4.89402
3.114,4.89214
3.115,4.89025
3.116,4.88835
3.117,4.88645
3.118,4.88453
3.119,4.8826
3.12,4.88066
3.121,4.87872
3.122,4.87676
3.123,4.87479
3.124,4.87281
3.125,4.87083
3.126,4.86883
3.127,4.86682
3.128,4.86481
3.129,4.86278
3.13,4.86074
3.131,4.8587
3.132,4.85664
3.133,4.85458
3.134,4.8525
3.135,4.85042
3.136,4.84832
3.137,4.84622
3.138,4.8441
3.139,4.84198
3.14,4.83985
3.141,4.8377
3.142,4.83555
3.143,4.83339
3.144,4.83121
3.145,4.82903
3.146,4.82684
3.147,4.82463
3.148,4.82242
3.149,4.8202
3.15,4.81797
3.151,4.81573
3.152,4.81347
3.153,4.81121
3.154,4.80894
3.155,4.80666
3.156,4.80437
3.157,4.80207
3.158,4.79976
3.159,4.79744
3.16,4.79511
3.161,4.79277
3.162,4.79042
3.163,4.78806
3.164,4.78569
3.165,4.78331
3.166,4.78092
3.167,4.77852
3.168,4.77611
3.169,4.77369
3.17,4.77127
3.171,4.76883
3.172,4.76638
3.173,4.76392
3.174,4.76145
3.175,4.75898
3.176,4.75649
3.177,4.75399
3.178,4.75149
3.179,4.74897
3.18,4.74644
3.181,4.74391
3.182,4.74136
3.183,4.73881
3.184,4.73624
3.185,4.73366
3.186,4.73108
3.187,4.72848
3.188,4.72588
3.189,4.72327
3.19,4.72064
3.191,4.71801
3.192,4.71536
3.193,4.71271
3.194,4.71004
3.195,4.70737
3.196,4.70469
3.197,4.70199
3.198,4.69929
3.199,4.69658
3.2,4.69386
3.201,4.69112
3.202,4.68838
3.203,4.68563
3.204,4.68287
3.205,4.6801
3.206,4.67732
3.207,4.67452
3.208,4.67172
3.209,4.66891
3.21,4.66609
3.211,4.66326
3.212,4.66042
3.213,4.65757
3.214,4.65471
3.215,4.65184
3.216,4.64896
3.217,4.64607
3.218,4.64317
3.219,4.64026
3.22,4.63734
3.221,4.63442
3.222,4.63148
3.223,4.62853
3.224,4.62557
3.225,4.6226
3.226,4.61963
3.227,4.61664
3.228,4.61364
3.229,4.61063
3.23,4.60762
3.231,4.60459
3.232,4.60155
3.233,4.59851
3.234,4.59545
3.235,4.59239
3.236,4.58931
3.237,4.58622
3.238,4.58313
3.239,4.58002
3.24,4.57691
3.241,4.57378
3.242,4.57065
3.243,4.56751
3.244,4.56435
3.245,4.56119
3.246,4.55801
3.247,4.55483
3.248,4.55164
3.249,4.54843
3.25,4.54522
3.251,4.542
3.252,4.53876
3.253,4.53552
3.254,4.53227
3.255,4.52901
3.256,4.52574
3.257,4.52245
3.258,4.51916
3.259,4.51586
3.26,4.51255
3.261,4.50923
3.262,4.5059
3.263,4.50256
3.264,4.49921
3.265,4.49585
3.266,4.49248
3.267,4.4891
3.268,4.48571
3.269,4.48231
3.27,4.4789
3.271,4.47548
3.272,4.47205
3.273,4.46861
3.274,4.46516
3.275,4.46171
3.276,4.45824
3.277,4.45476
3.278,4.45127
3.279,4.44777
3.28,4.44427
3.281,4.44075
3.282,4.43722
3.283,4.43369
3.284,4.43014
3.285,4.42658
3.286,4.42302
3.287,4.41944
3.288,4.41585
3.289,4.41226
3.29,4.40865
3.291,4.40504
3.292,4.40141
3.293,4.39778
3.294,4.39413
3.295,4.39048
3.296,4.38681
3.297,4.38314
3.298,4.37946
3.299,4.37576
3.3,4.37206
3.301,4.36835
3.302,4.36462
3.303,4.36089
3.304,4.35715
3.305,4.35339
3.306,4.34963
3.307,4.34586
3.308,4.34208
3.309,4.33829
3.31,4.33448
3.311,4.33067
3.312,4.32685
3.313,4.32302
3.314,4.31918
3.315,4.31533
3.316,4.31147
3.317,4.3076
3.318,4.30372
3.319,4.29983
3.32,4.29593
3.321,4.29202
3.322,4.2881
3.323,4.28417
3.324,4.28023
3.325,4.27628
3.326,4.27232
3.327,4.26835
3.328,4.26438
3.329,4.26039
3.33,4.25639
3.331,4.25238
3.332,4.24836
3.333,4.24434
3.334,4.2403
3.335,4.23625
3.336,4.2322
3.337,4.22813
3.338,4.22405
3.339,4.21997
3.34,4.21587
3.341,4.21177
3.342,4.20765
3.343,4.20353
3.344,4.19939
3.345,4.19524
3.346,4.19109
3.347,4.18693
3.348,4.18275
3.349,4.17857
3.35,4.17437
3.351,4.17017
3.352,4.16596
3.353,4.16173
3.354,4.1575
3.355,4.15326
3.356,4.149
3.357,4.14474
3.358,4.14047
3.359,4.13618
3.36,4.13189
3.361,4.12759
3.362,4.12328
3.363,4.11896
3.364,4.11463
3.365,4.11028
3.366,4.10593
3.367,4.10157
3.368,4.0972
3.369,4.09282
3.37,4.08843
3.371,4.08403
3.372,4.07962
3.373,4.0752
3.374,4.07077
3.375,4.06633
3.376,4.06188
3.377,4.05743
3.378,4.05296
3.379,4.04848
3.38,4.04399
3.381,4.03949
3.382,4.03498
3.383,4.03047
3.384,4.02594
3.385,4.0214
3.386,4.01685
3.387,4.0123
3.388,4.00773
3.389,4.00315
3.39,3.99857
3.391,3.99397
3.392,3.98936
3.393,3.98475
3.394,3.98012
3.395,3.97549
3.396,3.97084
3.397,3.96619
3.398,3.96152
3.399,3.95685
3.4,3.95216
3.401,3.94747
3.402,3.94276
3.403,3.93805
3.404,3.93333
3.405,3.92859
3.406,3.92385
3.407,3.9191
3.408,3.91433
3.409,3.90956
3.41,3.90478
3.411,3.89999
3.412,3.89518
3.413,3.89037
3.414,3.88555
3.415,3.88072
3.416,3.87588
3.417,3.87102
3.418,3.86616
3.419,3.86129
3.42,3.85641
3.421,3.85152
3.422,3.84662
3.423,3.84171
3.424,3.83679
3.425,3.83186
3.426,3.82692
3.427,3.82197
3.428,3.81701
3.429,3.81204
3.43,3.80706
3.431,3.80208
3.432,3.79708
3.433,3.79207
3.434,3.78705
3.435,3.78202
3.436,3.77698
3.437,3.77194
3.438,3.76688
3.439,3.76181
3.44,3.75674
3.441,3.75165
3.442,3.74655
3.443,3.74145
3.444,3.73633
3.445,3.7312
3.446,3.72607
3.447,3.72092
3.448,3.71577
3.449,3.7106
3.45,3.70543
3.451,3.70024
3.452,3.69505
3.453,3.68984
3.454,3.68463
3.455,3.6794
3.456,3.67417
3.457,3.66893
3.458,3.66367
3.459,3.65841
3.46,3.65314
3.461,3.64785
3.462,3.64256
3.463,3.63726
3.464,3.63195
3.465,3.62662
3.466,3.62129
3.467,3.61595
3.468,3.6106
3.469,3.60524
3.47,3.59987
3.471,3.59448
3.472,3.58909
3.473,3.58369
3.474,3.57828
3.475,3.57286
3.476,3.56743
3.477,3.56199
3.478,3.55654
3.479,3.55108
3.48,3.54561
3.481,3.54013
3.482,3.53465
3.483,3.52915
3.484,3.52364
3.485,3.51812
3.486,3.51259
3.487,3.50705
3.488,3.50151
3.489,3.49595
3.49,3.49038
3.491,3.4848
3.492,3.47922
3.493,3.47362
3.494,3.46801
3.495,3.4624
3.496,3.45677
3.497,3.45113
3.498,3.44549
3.499,3.43983
3.5,3.43417
3.501,3.42849
3.502,3.42281
3.503,3.41711
3.504,3.41141
3.505,3.40569
3.506,3.39997
3.507,3.39423
3.508,3.38849
3.509,3.38273
3.51,3.37697
3.511,3.3712
3.512,3.36541
3.513,3.35962
3.514,3.35382
3.515,3.34801
3.516,3.34218
3.517,3.33635
3.518,3.33051
3.519,3.32466
3.52,3.31879
3.521,3.31292
3.522,3.30704
3.523,3.30115
3.524,3.29525
3.525,3.28934
3.526,3.28342
3.527,3.27749
3.528,3.27155
3.529,3.2656
3.53,3.25964
3.531,3.25367
3.532,3.24769
3.533,3.2417
3.534,3.2357
3.535,3.22969
3.536,3.22367
3.537,3.21764
3.538,3.21161
3.539,3.20556
3.54,3.1995
3.541,3.19343
3.542,3.18735
3.543,3.18127
3.544,3.17517
3.545,3.16906
3.546,3.16295
3.547,3.15682
3.548,3.15068
3.549,3.14454
3.55,3.13838
3.551,3.13221
3.552,3.12604
3.553,3.11985
3.554,3.11366
3.555,3.10745
3.556,3.10124
3.557,3.09501
3.558,3.08878
3.559,3.08253
3.56,3.07628
3.561,3.07002
3.562,3.06374
3.563,3.05746
3.564,3.05117
3.565,3.04486
3.566,3.03855
3.567,3.03223
3.568,3.02589
3.569,3.01955
3.57,3.0132
3.571,3.00684
3.572,3.00046
3.573,2.99408
3.574,2.98769
3.575,2.98129
3.576,2.97488
3.577,2.96846
3.578,2.96203
3.579,2.95559
3.58,2.94914
3.581,2.94268
3.582,2.93621
3.583,2.92973
3.584,2.92324
3.585,2.91674
3.586,2.91023
3.587,2.90371
3.588,2.89718
3.589,2.89064
3.59,2.88409
3.591,2.87754
3.592,2.87097
3.593,2.86439
3.594,2.8578
3.595,2.8512
3.596,2.8446
3.597,2.83798
3.598,2.83135
3.599,2.82472
3.6,2.81807
3.601,2.81141
3.602,2.80475
3.603,2.79807
3.604,2.79139
3.605,2.78469
3.606,2.77798
3.607,2.77127
3.608,2.76454
3.609,2.75781
3.61,2.75106
3.611,2.74431
3.612,2.73755
3.613,2.73077
3.614,2.72399
3.615,2.71719
3.616,2.71039
3.617,2.70358
3.618,2.69675
3.619,2.68992
3.62,2.68308
3.621,2.67623
3.622,2.66936
3.623,2.66249
3.624,2.65561
3.625,2.64872
3.626,2.64182
3.627,2.6349
3.628,2.62798
3.629,2.62105
3.63,2.61411
3.631,2.60716
3.632,2.6002
3.633,2.59323
3.634,2.58625
3.635,2.57926
3.636,2.57226
3.637,2.56525
3.638,2.55823
3.639,2.5512
3.64,2.54416
3.641,2.53711
3.642,2.53006
3.643,2.52299
3.644,2.51591
3.645,2.50882
3.646,2.50172
3.647,2.49462
3.648,2.4875
3.649,2.48037
3.65,2.47323
3.651,2.46609
3.652,2.45893
3.653,2.45176
3.654,2.44459
3.655,2.4374
3.656,2.43021
3.657,2.423
3.658,2.41578
3.659,2.40856
3.66,2.40132
3.661,2.39408
3.662,2.38682
3.663,2.37956
3.664,2.37228
3.665,2.365
3.666,2.35771
3.667,2.3504
3.668,2.34309
3.669,2.33577
3.67,2.32843
3.671,2.32109
3.672,2.31374
3.673,2.30637
3.674,2.299
3.675,2.29162
3.676,2.28423
3.677,2.27683
3.678,2.26941
3.679,2.26199
3.68,2.25456
3.681,2.24712
3.682,2.23967
3.683,2.23221
3.684,2.22474
3.685,2.21726
3.686,2.20977
3.687,2.20227
3.688,2.19476
3.689,2.18724
3.69,2.17971
3.691,2.17217
3.692,2.16462
3.693,2.15706
3.694,2.14949
3.695,2.14191
3.696,2.13432
3.697,2.12673
3.698,2.11912
3.699,2.1115
3.7,2.10387
3.701,2.09624
3.702,2.08859
3.703,2.08093
3.704,2.07326
3.705,2.06559
3.706,2.0579
3.707,2.05021
3.708,2.0425
3.709,2.03478
3.71,2.02706
3.711,2.01932
3.712,2.01158
3.713,2.00382
3.714,1.99606
3.715,1.98828
3.716,1.9805
3.717,1.9727
3.718,1.9649
3.719,1.95709
3.72,1.94926
3.721,1.94143
3.722,1.93359
3.723,1.92573
3.724,1.91787
3.725,1.91
3.726,1.90211
3.727,1.89422
3.728,1.88632
3.729,1.87841
3.73,1.87048
3.731,1.86255
3.732,1.85461
3.733,1.84666
3.734,1.8387
3.735,1.83073
3.736,1.82275
3.737,1.81476
3.738,1.80676
3.739,1.79875
3.74,1.79073
3.741,1.7827
3.742,1.77466
3.743,1.76661
3.744,1.75855
3.745,1.75048
3.746,1.7424
3.747,1.73431
3.748,1.72621
3.749,1.71811
3.75,1.70999
3.751,1.70186
3.752,1.69372
3.753,1.68557
3.754,1.67742
3.755,1.66925
3.756,1.66107
3.757,1.65289
3.758,1.64469
3.759,1.63648
3.76,1.62827
3.761,1.62004
3.762,1.61181
3.763,1.60356
3.764,1.5953
3.765,1.58704
3.766,1.57876
3.767,1.57048
3.768,1.56219
3.769,1.55388
3.77,1.54557
3.771,1.53724
3.772,1.52891
3.773,1.52056
3.774,1.51221
3.775,1.50385
3.776,1.49547
3.777,1.48709
3.778,1.4787
3.779,1.4703
3.78,1.46188
3.781,1.45346
3.782,1.44503
3.783,1.43659
3.784,1.42814
3.785,1.41967
3.786,1.4112
3.787,1.40272
3.788,1.39423
3.789,1.38573
3.79,1.37722
3.791,1.3687
3.792,1.36017
3.793,1.35163
3.794,1.34308
3.795,1.33452
3.796,1.32595
3.797,1.31737
3.798,1.30878
3.799,1.30018
3.8,1.29158
3.801,1.28296
3.802,1.27433
3.803,1.26569
3.804,1.25704
3.805,1.24839
3.806,1.23972
3.807,1.23104
3.808,1.22235
3.809,1.21366
3.81,1.20495
3.811,1.19623
3.812,1.18751
3.813,1.17877
3.814,1.17003
3.815,1.16127
3.816,1.1525
3.817,1.14373
3.818,1.13494
3.819,1.12615
3.82,1.11734
3.821,1.10853
3.822,1.09971
3.823,1.09087
3.824,1.08203
3.825,1.07317
3.826,1.06431
3.827,1.05544
3.828,1.04655
3.829,1.03766
3.83,1.02876
3.831,1.01984
3.832,1.01092
3.833,1.00199
3.834,0.993047
3.835,0.984096
3.836,0.975134
3.837,0.966162
3.838,0.957181
3.839,0.94819
3.84,0.939189
3.841,0.930178
3.842,0.921157
3.843,0.912127
3.844,0.903087
3.845,0.894036
3.846,0.884977
3.847,0.875907
3.848,0.866827
3.849,0.857738
3.85,0.848639
3.851,0.83953
3.852,0.830411
3.853,0.821283
3.854,0.812145
3.855,0.802996
3.856,0.793838
3.857,0.784671
3.858,0.775493
3.859,0.766306
3.86,0.757108
3.861,0.747901
3.862,0.738685
3.863,0.729458
3.864,0.720222
3.865,0.710975
3.866,0.701719
3.867,0.692453
3.868,0.683178
3.869,0.673892
3.87,0.664597
3.871,0.655292
3.872,0.645977
3.873,0.636652
3.874,0.627317
3.875,0.617973
3.876,0.608619
3.877,0.599255
3.878,0.589881
3.879,0.580498
3.88,0.571104
3.881,0.561701
3.882,0.552288
3.883,0.542865
3.884,0.533432
3.885,0.52399
3.886,0.514538
3.887,0.505075
3.888,0.495604
3.889,0.486122
3.89,0.47663
3.891,0.467129
3.892,0.457618
3.893,0.448097
3.894,0.438566
3.895,0.429026
3.896,0.419475
3.897,0.409915
3.898,0.400345
3.899,0.390765
3.9,0.381176
3.901,0.371576
3.902,0.361967
3.903,0.352348
3.904,0.342719
3.905,0.33308
3.906,0.323432
3.907,0.313773
3.908,0.304105
3.909,0.294427
3.91,0.28474
3.911,0.275042
3.912,0.265335
3.913,0.255618
3.914,0.245891
3.915,0.236154
3.916,0.226407
3.917,0.216651
3.918,0.206885
3.919,0.197109
3.92,0.187323
3.921,0.177527
3.922,0.167722
3.923,0.157906
3.924,0.148081
3.925,0.138246
3.926,0.128402
3.927,0.118547
3.928,0.108683
3.929,0.0988088
3.93,0.103736
3.931,0.108654
3.932,0.113561
3.933,0.118459
3.934,0.123347
3.935,0.128225
3.936,0.133094
3.937,0.137952
3.938,0.142801
3.939,0.14764
3.94,0.152469
3.941,0.157288
3.942,0.162098
3.943,0.166898
3.944,0.171688
3.945,0.176468
3.946,0.181238
3.947,0.185998
3.948,0.190749
3.949,0.19549
3.95,0.200221
3.951,0.204942
3.952,0.209654
3.953,0.214355
3.954,0.219047
3.955,0.223729
3.956,0.228401
3.957,0.233064
3.958,0.237716
3.959,0.242359
3.96,0.246992
3.961,0.251615
3.962,0.256229
3.963,0.260832
3.964,0.265426
3.965,0.27001
3.966,0.274584
3.967,0.279148
3.968,0.283703
3.969,0.288247
3.97,0.292782
3.971,0.297307
3.972,0.301822
3.973,0.306328
3.974,0.310823
3.975,0.315309
3.976,0.319785
3.977,0.324251
3.978,0.328708
3.979,0.333154
3.98,0.337591
3.981,0.342018
3.982,0.346435
3.983,0.350842
3.984,0.35524
3.985,0.359628
3.986,0.364006
3.987,0.368374
3.988,0.372732
3.989,0.37708
3.99,0.381419
3.991,0.385748
3.992,0.390067
3.993,0.394376
3.994,0.398676
3.995,0.402965
3.996,0.407245
3.997,0.411515
3.998,0.415775
3.999,0.420025
4,0.424266
4.001,0.428497
4.002,0.432718
4.003,0.436929
4.004,0.44113
4.005,0.445322
4.006,0.449503
4.007,0.453675
4.008,0.457837
4.009,0.46199
4.01,0.466132
4.011,0.470265
4.012,0.474388
4.013,0.478501
4.014,0.482604
4.015,0.486697
4.016,0.490781
4.017,0.494855
4.018,0.498919
4.019,0.502973
4.02,0.507017
4.021,0.511052
4.022,0.515076
4.023,0.519091
4.024,0.523096
4.025,0.527092
4.026,0.531077
4.027,0.535053
4.028,0.539019
4.029,0.542975
4.03,0.546921
4.031,0.550858
4.032,0.554784
4.033,0.558701
4.034,0.562608
4.035,0.566505
4.036,0.570393
4.037,0.57427
4.038,0.578138
4.039,0.581996
4.04,0.585844
4.041,0.589682
4.042,0.593511
4.043,0.59733
4.044,0.601139
4.045,0.604938
4.046,0.608727
4.047,0.612507
4.048,0.616276
4.049,0.620036
4.05,0.623786
4.051,0.627526
4.052,0.631257
4.053,0.634977
4.054,0.638688
4.055,0.642389
4.056,0.64608
4.057,0.649762
4.058,0.653433
4.059,0.657095
4.06,0.660747
4.061,0.664389
4.062,0.668022
4.063,0.671644
4.064,0.675257
4.065,0.67886
4.066,0.682453
4.067,0.686036
4.068,0.68961
4.069,0.693173
4.07,0.696727
4.071,0.700271
4.072,0.703806
4.073,0.70733
4.074,0.710845
4.075,0.714349
4.076,0.717844
4.077,0.72133
4.078,0.724805
4.079,0.728271
4.08,0.731726
4.081,0.735172
4.082,0.738608
4.083,0.742035
4.084,0.745451
4.085,0.748858
4.086,0.752255
4.087,0.755642
4.088,0.759019
4.089,0.762387
4.09,0.765744
4.091,0.769092
4.092,0.77243
4.093,0.775758
4.094,0.779077
4.095,0.782385
4.096,0.785684
4.097,0.788973
4.098,0.792252
4.099,0.795522
4.1,0.798781
4.101,0.802031
4.102,0.805271
4.103,0.808501
4.104,0.811722
4.105,0.814932
4.106,0.818133
4.107,0.821324
4.108,0.824505
4.109,0.827676
4.11,0.830837
4.111,0.833989
4.112,0.837131
4.113,0.840263
4.114,0.843385
4.115,0.846498
4.116,0.8496
4.117,0.852693
4.118,0.855776
4.119,0.858849
4.12,0.861912
4.121,0.864966
4.122,0.86801
4.123,0.871044
4.124,0.874068
4.125,0.877082
4.126,0.880087
4.127,0.883081
4.128,0.886066
4.129,0.889041
4.13,0.892006
4.131,0.894962
4.132,0.897908
4.133,0.900843
4.134,0.903769
4.135,0.906686
4.136,0.909592
4.137,0.912489
4.138,0.915375
4.139,0.918252
4.14,0.92112
4.141,0.923977
4.142,0.926824
4.143,0.929662
4.144,0.93249
4.145,0.935308
4.146,0.938116
4.147,0.940915
4.148,0.943704
4.149,0.946482
4.15,0.949252
4.151,0.952011
4.152,0.95476
4.153,0.9575
4.154,0.96023
4.155,0.96295
4.156,0.96566
4.157,0.96836
4.158,0.971051
4.159,0.973732
4.16,0.976403
4.161,0.979064
4.162,0.981715
4.163,0.984357
4.164,0.986988
4.165,0.98961
4.166,0.992222
4.167,0.994825
4.168,0.997417
4.169,1
4.17,1.00257
4.171,1.00514
4.172,1.00769
4.173,1.01023
4.174,1.01277
4.175,1.01529
4.176,1.0178
4.177,1.02031
4.178,1.0228
4.179,1.02529
4.18,1.02776
4.181,1.03023
4.182,1.03268
4.183,1.03513
4.184,1.03756
4.185,1.03999
4.186,1.0424
4.187,1.04481
4.188,1.04721
4.189,1.04959
4.19,1.05197
4.191,1.05434
4.192,1.05669
4.193,1.05904
4.194,1.06138
4.195,1.06371
4.196,1.06602
4.197,1.06833
4.198,1.07063
4.199,1.07292
4.2,1.0752
4.201,1.07747
4.202,1.07972
4.203,1.08197
4.204,1.08421
4.205,1.08644
4.206,1.08866
4.207,1.09087
4.208,1.09307
4.209,1.09526
4.21,1.09744
4.211,1.09961
4.212,1.10177
4.213,1.10393
4.214,1.10607
4.215,1.1082
4.216,1.11032
4.217,1.11243
4.218,1.11453
4.219,1.11663
4.22,1.11871
4.221,1.12078
4.222,1.12284
4.223,1.1249
4.224,1.12694
4.225,1.12897
4.226,1.131
4.227,1.13301
4.228,1.13501
4.229,1.13701
4.23,1.13899
4.231,1.14097
4.232,1.14293
4.233,1.14489
4.234,1.14683
4.235,1.14877
4.236,1.15069
4.237,1.15261
4.238,1.15451
4.239,1.15641
4.24,1.1583
4.241,1.16017
4.242,1.16204
4.243,1.16389
4.244,1.16574
4.245,1.16758
4.246,1.16941
4.247,1.17122
4.248,1.17303
4.249,1.17483
4.25,1.17662
4.251,1.1784
4.252,1.18016
4.253,1.18192
4.254,1.18367
4.255,1.18541
4.256,1.18714
4.257,1.18886
4.258,1.19057
4.259,1.19227
4.26,1.19396
4.261,1.19564
4.262,1.19731
4.263,1.19897
4.264,1.20062
4.265,1.20226
4.266,1.20389
4.267,1.20551
4.268,1.20712
4.269,1.20873
4.27,1.21032
4.271,1.2119
4.272,1.21347
4.273,1.21504
4.274,1.21659
4.275,1.21813
4.276,1.21966
4.277,1.22119
4.278,1.2227
4.279,1.2242
4.28,1.2257
4.281,1.22718
4.282,1.22866
4.283,1.23012
4.284,1.23157
4.285,1.23302
4.286,1.23445
4.287,1.23588
4.288,1.23729
4.289,1.2387
4.29,1.2401
4.291,1.24148
4.292,1.24286
4.293,1.24422
4.294,1.24558
4.295,1.24693
4.296,1.24826
4.297,1.24959
4.298,1.25091
4.299,1.25222
4.3,1.25351
4.301,1.2548
4.302,1.25608
4.303,1.25735
4.304,1.2586
4.305,1.25985
4.306,1.26109
4.307,1.26232
4.308,1.26354
4.309,1.26475
4.31,1.26595
4.311,1.26714
4.312,1.26832
4.313,1.26949
4.314,1.27065
4.315,1.2718
4.316,1.27294
4.317,1.27407
4.318,1.27519
4.319,1.2763
4.32,1.2774
4.321,1.2785
4.322,1.27958
4.323,1.28065
4.324,1.28171
4.325,1.28276
4.326,1.28381
4.327,1.28484
4.328,1.28586
4.329,1.28687
4.33,1.28788
4.331,1.28887
4.332,1.28986
4.333,1.29083
4.334,1.29179
4.335,1.29275
4.336,1.29369
4.337,1.29463
4.338,1.29555
4.339,1.29647
4.34,1.29737
4.341,1.29827
4.342,1.29915
4.343,1.30003
4.344,1.30089
4.345,1.30175
4.346,1.3026
4.347,1.30343
4.348,1.30426
4.349,1.30508
4.35,1.30588
4.351,1.30668
4.352,1.30747
4.353,1.30825
4.354,1.30901
4.355,1.30977
4.356,1.31052
4.357,1.31126
4.358,1.31199
4.359,1.31271
4.36,1.31341
4.361,1.31411
4.362,1.3148
4.363,1.31548
4.364,1.31615
4.365,1.31681
4.366,1.31746
4.367,1.3181
4.368,1.31873
4.369,1.31935
4.37,1.31996
4.371,1.32057
4.372,1.32116
4.373,1.32174
4.374,1.32231
4.375,1.32287
4.376,1.32342
4.377,1.32397
4.378,1.3245
4.379,1.32502
4.38,1.32553
4.381,1.32604
4.382,1.32653
4.383,1.32701
4.384,1.32749
4.385,1.32795
4.386,1.3284
4.387,1.32885
4.388,1.32928
4.389,1.32971
4.39,1.33012
4.391,1.33053
4.392,1.33092
4.393,1.33131
4.394,1.33168
4.395,1.33205
4.396,1.3324
4.397,1.33275
4.398,1.33309
4.399,1.33341
4.4,1.33373
4.401,1.33404
4.402,1.33433
4.403,1.33462
4.404,1.3349
4.405,1.33516
4.406,1.33542
4.407,1.33567
4.408,1.33591
4.409,1.33614
4.41,1.33636
4.411,1.33656
4.412,1.33676
4.413,1.33695
4.414,1.33713
4.415,1.3373
4.416,1.33746
4.417,1.33761
4.418,1.33775
4.419,1.33788
4.42,1.338
4.421,1.33811
4.422,1.33821
4.423,1.3383
4.424,1.33838
4.425,1.33845
4.426,1.33852
4.427,1.33857
4.428,1.33861
4.429,1.33864
4.43,1.33866
4.431,1.33868
4.432,1.33868
4.433,1.33867
4.434,1.33866
4.435,1.33863
4.436,1.33859
4.437,1.33855
4.438,1.33849
4.439,1.33842
4.44,1.33835
4.441,1.33826
4.442,1.33817
4.443,1.33806
4.444,1.33795
4.445,1.33782
4.446,1.33769
4.447,1.33754
4.448,1.33739
4.449,1.33722
4.45,1.33705
4.451,1.33687
4.452,1.33667
4.453,1.33647
4.454,1.33626
4.455,1.33603
4.456,1.3358
4.457,1.33556
4.458,1.3353
4.459,1.33504
4.46,1.33477
4.461,1.33449
4.462,1.3342
4.463,1.3339
4.464,1.33358
4.465,1.33326
4.466,1.33293
4.467,1.33259
4.468,1.33224
4.469,1.33188
4.47,1.33151
4.471,1.33113
4.472,1.33074
4.473,1.33034
4.474,1.32993
4.475,1.32951
4.476,1.32908
4.477,1.32865
4.478,1.3282
4.479,1.32774
4.48,1.32727
4.481,1.32679
4.482,1.3263
4.483,1.32581
4.484,1.3253
4.485,1.32478
4.486,1.32425
4.487,1.32372
4.488,1.32317
4.489,1.32261
4.49,1.32205
4.491,1.32147
4.492,1.32089
4.493,1.32029
4.494,1.31968
4.495,1.31907
4.496,1.31844
4.497,1.31781
4.498,1.31716
4.499,1.31651
4.5,1.31585
4.501,1.31517
4.502,1.31449
4.503,1.31379
4.504,1.31309
4.505,1.31238
4.506,1.31165
4.507,1.31092
4.508,1.31018
4.509,1.30942
4.51,1.30866
4.511,1.30789
4.512,1.30711
4.513,1.30631
4.514,1.30551
4.515,1.3047
4.516,1.30388
4.517,1.30305
4.518,1.30221
4.519,1.30136
4.52,1.3005
4.521,1.29963
4.522,1.29875
4.523,1.29786
4.524,1.29696
4.525,1.29605
4.526,1.29513
4.527,1.2942
4.528,1.29326
4.529,1.29231
4.53,1.29135
4.531,1.29038
4.532,1.2894
4.533,1.28842
4.534,1.28742
4.535,1.28641
4.536,1.28539
4.537,1.28436
4.538,1.28333
4.539,1.28228
4.54,1.28122
4.541,1.28016
4.542,1.27908
4.543,1.27799
4.544,1.2769
4.545,1.27579
4.546,1.27468
4.547,1.27355
4.548,1.27242
4.549,1.27127
4.55,1.27012
4.551,1.26895
4.552,1.26778
4.553,1.26659
4.554,1.2654
4.555,1.26419
4.556,1.26298
4.557,1.26176
4.558,1.26052
4.559,1.25928
4.56,1.25803
4.561,1.25676
4.562,1.25549
4.563,1.25421
4.564,1.25292
4.565,1.25161
4.566,1.2503
4.567,1.24898
4.568,1.24765
4.569,1.24631
4.57,1.24496
4.571,1.2436
4.572,1.24223
4.573,1.24084
4.574,1.23945
4.575,1.23805
4.576,1.23664
4.577,1.23522
4.578,1.23379
4.579,1.23236
4.58,1.23091
4.581,1.22945
4.582,1.22798
4.583,1.2265
4.584,1.22501
4.585,1.22351
4.586,1.222
4.587,1.22049
4.588,1.21896
4.589,1.21742
4.59,1.21587
4.591,1.21432
4.592,1.21275
4.593,1.21117
4.594,1.20959
4.595,1.20799
4.596,1.20638
4.597,1.20477
4.598,1.20314
4.599,1.20151
4.6,1.19986
4.601,1.19821
4.602,1.19654
4.603,1.19487
4.604,1.19318
4.605,1.19149
4.606,1.18978
4.607,1.18807
4.608,1.18634
4.609,1.18461
4.61,1.18287
4.611,1.18111
4.612,1.17935
4.613,1.17758
4.614,1.1758
4.615,1.174
4.616,1.1722
4.617,1.17039
4.618,1.16857
4.619,1.16673
4.62,1.16489
4.621,1.16304
4.622,1.16118
4.623,1.15931
4.624,1.15743
4.625,1.15554
4.626,1.15364
4.627,1.15173
4.628,1.14981
4.629,1.14788
4.63,1.14594
4.631,1.14399
4.632,1.14203
4.633,1.14006
4.634,1.13808
4.635,1.13609
4.636,1.13409
4.637,1.13208
4.638,1.13007
4.639,1.12804
4.64,1.126
4.641,1.12395
4.642,1.1219
4.643,1.11983
4.644,1.11775
4.645,1.11566
4.646,1.11357
4.647,1.11146
4.648,1.10934
4.649,1.10722
4.65,1.10508
4.651,1.10294
4.652,1.10078
4.653,1.09862
4.654,1.09644
4.655,1.09426
4.656,1.09206
4.657,1.08986
4.658,1.08764
4.659,1.08542
4.66,1.08318
4.661,1.08094
4.662,1.07869
4.663,1.07642
4.664,1.07415
4.665,1.07187
4.666,1.06957
4.667,1.06727
4.668,1.06496
4.669,1.06264
4.67,1.0603
4.671,1.05796
4.672,1.05561
4.673,1.05325
4.674,1.05088
4.675,1.0485
4.676,1.0461
4.677,1.0437
4.678,1.04129
4.679,1.03887
4.68,1.03644
4.681,1.034
4.682,1.03155
4.683,1.02909
4.684,1.02662
4.685,1.02414
4.686,1.02166
4.687,1.01916
4.688,1.01665
4.689,1.01413
4.69,1.0116
4.691,1.00906
4.692,1.00651
4.693,1.00396
4.694,1.00139
4.695,0.998812
4.696,0.996225
4.697,0.993628
4.698,0.991021
4.699,0.988405
4.7,0.985778
4.701,0.983142
4.702,0.980496
4.703,0.97784
4.704,0.975174
4.705,0.972499
4.706,0.969814
4.707,0.967119
4.708,0.964414
4.709,0.961699
4.71,0.958974
4.711,0.95624
4.712,0.953496
4.713,0.950742
4.714,0.947978
4.715,0.945205
4.716,0.942421
4.717,0.939628
4.718,0.936825
4.719,0.934012
4.72,0.93119
4.721,0.928357
4.722,0.925515
4.723,0.922663
4.724,0.919801
4.725,0.916929
4.726,0.914048
4.727,0.911157
4.728,0.908255
4.729,0.905345
4.73,0.902424
4.731,0.899493
4.732,0.896553
4.733,0.893603
4.734,0.890643
4.735,0.887673
4.736,0.884693
4.737,0.881704
4.738,0.878705
4.739,0.875696
4.74,0.872677
4.741,0.869648
4.742,0.86661
4.743,0.863562
4.744,0.860504
4.745,0.857436
4.746,0.854358
4.747,0.851271
4.748,0.848173
4.749,0.845066
4.75,0.841949
4.751,0.838822
4.752,0.835686
4.753,0.83254
4.754,0.829383
4.755,0.826217
4.756,0.823042
4.757,0.819856
4.758,0.816661
4.759,0.813455
4.76,0.81024
4.761,0.807016
4.762,0.803781
4.763,0.800537
4.764,0.797282
4.765,0.794018
4.766,0.790744
4.767,0.787461
4.768,0.784167
4.769,0.780864
4.77,0.777551
4.771,0.774228
4.772,0.770895
4.773,0.767552
4.774,0.7642
4.775,0.760838
4.776,0.757466
4.777,0.754084
4.778,0.750692
4.779,0.747291
4.78,0.74388
4.781,0.740459
4.782,0.737028
4.783,0.733587
4.784,0.730137
4.785,0.726677
4.786,0.723206
4.787,0.719727
4.788,0.716237
4.789,0.712737
4.79,0.709228
4.791,0.705709
4.792,0.70218
4.793,0.698641
4.794,0.695093
4.795,0.691534
4.796,0.687966
4.797,0.684388
4.798,0.6808
4.799,0.677203
4.8,0.673595
4.801,0.669978
4.802,0.666351
4.803,0.662714
4.804,0.659067
4.805,0.655411
4.806,0.651745
4.807,0.648069
4.808,0.644383
4.809,0.640687
4.81,0.636981
4.811,0.633266
4.812,0.629541
4.813,0.625806
4.814,0.622061
4.815,0.618307
4.816,0.614542
4.817,0.610768
4.818,0.606984
4.819,0.60319
4.82,0.599387
4.821,0.595573
4.822,0.59175
4.823,0.587917
4.824,0.584074
4.825,0.580221
4.826,0.576359
4.827,0.572487
4.828,0.568604
4.829,0.564713
4.83,0.560811
4.831,0.556899
4.832,0.552978
4.833,0.549047
4.834,0.545106
4.835,0.541155
4.836,0.537194
4.837,0.533224
4.838,0.529244
4.839,0.525254
4.84,0.521254
4.841,0.517244
4.842,0.513225
4.843,0.509196
4.844,0.505157
4.845,0.501108
4.846,0.497049
4.847,0.492981
4.848,0.488902
4.849,0.484814
4.85,0.480716
4.851,0.476609
4.852,0.472491
4.853,0.468364
4.854,0.464227
4.855,0.46008
4.856,0.455923
4.857,0.451756
4.858,0.44758
4.859,0.443394
4.86,0.439198
4.861,0.434992
4.862,0.430776
4.863,0.426551
4.864,0.422315
4.865,0.41807
4.866,0.413815
4.867,0.409551
4.868,0.405276
4.869,0.400992
4.87,0.396698
4.871,0.392394
4.872,0.38808
4.873,0.383757
4.874,0.379423
4.875,0.37508
4.876,0.370727
4.877,0.366364
4.878,0.361992
4.879,0.357609
4.88,0.353217
4.881,0.348815
4.882,0.344403
4.883,0.339981
4.884,0.33555
4.885,0.331109
4.886,0.326658
4.887,0.322197
4.888,0.317726
4.889,0.313246
4.89,0.308755
4.891,0.304255
4.892,0.299745
4.893,0.295225
4.894,0.290696
4.895,0.286156
4.896,0.281607
4.897,0.277048
4.898,0.272479
4.899,0.267901
4.9,0.263312
4.901,0.258714
4.902,0.254106
4.903,0.249488
4.904,0.244861
4.905,0.240223
4.906,0.235576
4.907,0.230919
4.908,0.226252
4.909,0.221575
4.91,0.216889
4.911,0.212192
4.912,0.207486
4.913,0.20277
4.914,0.198045
4.915,0.193309
4.916,0.188564
4.917,0.183808
4.918,0.179043
4.919,0.174269
4.92,0.169484
4.921,0.16469
4.922,0.159885
4.923,0.155071
4.924,0.150247
4.925,0.145414
4.926,0.14057
4.927,0.135717
4.928,0.130854
4.929,0.125981
4.93,0.121098
4.931,0.116206
4.932,0.111303
4.933,0.106391
4.934,0.101469
4.935,0.0965375
4.936,0.0989935
4.937,0.10144
4.938,0.103876
4.939,0.106303
4.94,0.10872
4.941,0.111127
4.942,0.113524
4.943,0.115911
4.944,0.118289
4.945,0.120657
4.946,0.123015
4.947,0.125363
4.948,0.127701
4.949,0.13003
4.95,0.132349
4.951,0.134657
4.952,0.136957
4.953,0.139246
4.954,0.141525
4.955,0.143795
4.956,0.146055
4.957,0.148305
4.958,0.150545
4.959,0.152776
4.96,0.154996
4.961,0.157207
4.962,0.159408
4.963,0.161599
4.964,0.163781
4.965,0.165952
4.966,0.168114
4.967,0.170266
4.968,0.172408
4.969,0.174541
4.97,0.176663
4.971,0.178776
4.972,0.180879
4.973,0.182972
4.974,0.185055
4.975,0.187129
4.976,0.189192
4.977,0.191246
4.978,0.19329
4.979,0.195325
4.98,0.197349
4.981,0.199364
4.982,0.201368
4.983,0.203363
4.984,0.205349
4.985,0.207324
4.986,0.20929
4.987,0.211245
4.988,0.213191
4.989,0.215127
4.99,0.217054
4.991,0.21897
4.992,0.220877
4.993,0.222774
4.994,0.224661
4.995,0.226538
4.996,0.228406
4.997,0.230263
4.998,0.232111
4.999,0.233949
5,0.235778
5.001,0.237596
5.002,0.239405
5.003,0.241203
5.004,0.242992
5.005,0.244772
5.006,0.246541
5.007,0.248301
5.008,0.25005
5.009,0.25179
5.01,0.25352
5.011,0.255241
5.012,0.256951
5.013,0.258652
5.014,0.260343
5.015,0.262024
5.016,0.263695
5.017,0.265357
5.018,0.267008
5.019,0.26865
5.02,0.270282
5.021,0.271904
5.022,0.273517
5.023,0.27512
5.024,0.276712
5.025,0.278295
5.026,0.279868
5.027,0.281432
5.028,0.282985
5.029,0.284529
5.03,0.286063
5.031,0.287587
5.032,0.289102
5.033,0.290606
5.034,0.292101
5.035,0.293586
5.036,0.295061
5.037,0.296526
5.038,0.297981
5.039,0.299427
5.04,0.300863
5.041,0.302289
5.042,0.303705
5.043,0.305112
5.044,0.306508
5.045,0.307895
5.046,0.309272
5.047,0.310639
5.048,0.311996
5.049,0.313344
5.05,0.314682
5.051,0.31601
5.052,0.317328
5.053,0.318636
5.054,0.319935
5.055,0.321223
5.056,0.322502
5.057,0.323771
5.058,0.325031
5.059,0.32628
5.06,0.32752
5.061,0.328749
5.062,0.329969
5.063,0.33118
5.064,0.33238
5.065,0.333571
5.066,0.334751
5.067,0.335922
5.068,0.337084
5.069,0.338235
5.07,0.339376
5.071,0.340508
5.072,0.34163
5.073,0.342742
5.074,0.343845
5.075,0.344937
5.076,0.34602
5.077,0.347093
5.078,0.348156
5.079,0.349209
5.08,0.350252
5.081,0.351286
5.082,0.35231
5.083,0.353324
5.084,0.354328
5.085,0.355322
5.086,0.356307
5.087,0.357282
5.088,0.358247
5.089,0.359202
5.09,0.360147
5.091,0.361083
5.092,0.362008
5.093,0.362924
5.094,0.36383
5.095,0.364727
5.096,0.365613
5.097,0.36649
5.098,0.367357
5.099,0.368214
5.1,0.369061
5.101,0.369898
5.102,0.370726
5.103,0.371544
5.104,0.372352
5.105,0.37315
5.106,0.373938
5.107,0.374717
5.108,0.375486
5.109,0.376245
5.11,0.376994
5.111,0.377733
5.112,0.378463
5.113,0.379182
5.114,0.379892
5.115,0.380592
5.116,0.381283
5.117,0.381963
5.118,0.382634
5.119,0.383295
5.12,0.383946
5.121,0.384587
5.122,0.385218
5.123,0.38584
5.124,0.386452
5.125,0.387054
5.126,0.387646
5.127,0.388228
5.128,0.388801
5.129,0.389364
5.13,0.389917
5.131,0.39046
5.132,0.390993
5.133,0.391516
5.134,0.39203
5.135,0.392534
5.136,0.393028
5.137,0.393512
5.138,0.393987
5.139,0.394451
5.14,0.394906
5.141,0.395351
5.142,0.395787
5.143,0.396212
5.144,0.396628
5.145,0.397033
5.146,0.397429
5.147,0.397816
5.148,0.398192
5.149,0.398558
5.15,0.398915
5.151,0.399262
5.152,0.399599
5.153,0.399927
5.154,0.400244
5.155,0.400552
5.156,0.40085
5.157,0.401138
5.158,0.401416
5.159,0.401684
5.16,0.401943
5.161,0.402192
5.162,0.402431
5.163,0.40266
5.164,0.40288
5.165,0.403089
5.166,0.403289
5.167,0.403479
5.168,0.403659
5.169,0.403829
5.17,0.40399
5.171,0.404141
5.172,0.404282
5.173,0.404413
5.174,0.404534
5.175,0.404646
5.176,0.404747
5.177,0.404839
5.178,0.404921
5.179,0.404993
5.18,0.405056
5.181,0.405108
5.182,0.405151
5.183,0.405184
5.184,0.405207
5.185,0.405221
5.186,0.405224
5.187,0.405218
5.188,0.405202
5.189,0.405176
5.19,0.405141
5.191,0.405095
5.192,0.40504
5.193,0.404975
5.194,0.4049
5.195,0.404815
5.196,0.404721
5.197,0.404616
5.198,0.404502
5.199,0.404378
5.2,0.404244
5.201,0.404101
5.202,0.403948
5.203,0.403784
5.204,0.403611
5.205,0.403429
5.206,0.403236
5.207,0.403033
5.208,0.402821
5.209,0.402599
5.21,0.402367
5.211,0.402126
5.212,0.401874
5.213,0.401613
5.214,0.401342
5.215,0.401061
5.216,0.40077
5.217,0.40047
5.218,0.400159
5.219,0.399839
5.22,0.399509
5.221,0.399169
5.222,0.39882
5.223,0.39846
5.224,0.398091
5.225,0.397712
5.226,0.397323
5.227,0.396925
5.228,0.396516
5.229,0.396098
5.23,0.39567
5.231,0.395232
5.232,0.394785
5.233,0.394327
5.234,0.39386
5.235,0.393383
5.236,0.392896
5.237,0.392399
5.238,0.391892
5.239,0.391376
5.24,0.39085
5.241,0.390314
5.242,0.389768
5.243,0.389213
5.244,0.388647
5.245,0.388072
5.246,0.387487
5.247,0.386892
5.248,0.386288
5.249,0.385673
5.25,0.385049
5.251,0.384415
5.252,0.383771
5.253,0.383117
5.254,0.382454
5.255,0.38178
5.256,0.381097
5.257,0.380404
5.258,0.379702
5.259,0.378989
5.26,0.378267
5.261,0.377534
5.262,0.376792
5.263,0.376041
5.264,0.375279
5.265,0.374508
5.266,0.373726
5.267,0.372935
5.268,0.372135
5.269,0.371324
5.27,0.370503
5.271,0.369673
5.272,0.368833
5.273,0.367983
5.274,0.367124
5.275,0.366254
5.276,0.365375
5.277,0.364486
5.278,0.363587
5.279,0.362678
5.28,0.361759
5.281,0.360831
5.282,0.359893
5.283,0.358945
5.284,0.357987
5.285,0.357019
5.286,0.356042
5.287,0.355055
5.288,0.354058
5.289,0.353051
5.29,0.352034
5.291,0.351008
5.292,0.349971
5.293,0.348925
5.294,0.347869
5.295,0.346804
5.296,0.345728
5.297,0.344643
5.298,0.343548
5.299,0.342443
5.3,0.341328
5.301,0.340203
5.302,0.339069
5.303,0.337925
5.304,0.336771
5.305,0.335607
5.306,0.334433
5.307,0.33325
5.308,0.332057
5.309,0.330854
5.31,0.329641
5.311,0.328418
5.312,0.327186
5.313,0.325943
5.314,0.324691
5.315,0.323429
5.316,0.322158
5.317,0.320876
5.318,0.319585
5.319,0.318284
5.32,0.316973
5.321,0.315652
5.322,0.314321
5.323,0.312981
5.324,0.311631
5.325,0.310271
5.326,0.308901
5.327,0.307521
5.328,0.306132
5.329,0.304733
5.33,0.303324
5.331,0.301905
5.332,0.300476
5.333,0.299038
5.334,0.297589
5.335,0.296131
5.336,0.294663
5.337,0.293186
5.338,0.291698
5.339,0.290201
5.34,0.288694
5.341,0.287177
5.342,0.28565
5.343,0.284113
5.344,0.282567
5.345,0.281011
5.346,0.279445
5.347,0.277869
5.348,0.276283
5.349,0.274688
5.35,0.273082
5.351,0.271467
5.352,0.269843
5.353,0.268208
5.354,0.266563
5.355,0.264909
5.356,0.263245
5.357,0.261571
5.358,0.259887
5.359,0.258194
5.36,0.25649
5.361,0.254777
5.362,0.253054
5.363,0.251321
5.364,0.249579
5.365,0.247826
5.366,0.246064
5.367,0.244292
5.368,0.24251
5.369,0.240719
5.37,0.238917
5.371,0.237106
5.372,0.235285
5.373,0.233454
5.374,0.231613
5.375,0.229763
5.376,0.227903
5.377,0.226032
5.378,0.224152
5.379,0.222263
5.38,0.220363
5.381,0.218454
5.382,0.216535
5.383,0.214606
5.384,0.212667
5.385,0.210718
5.386,0.20876
5.387,0.206792
5.388,0.204814
5.389,0.202826
5.39,0.200828
5.391,0.198821
5.392,0.196803
5.393,0.194776
5.394,0.192739
5.395,0.190693
5.396,0.188636
5.397,0.18657
5.398,0.184494
5.399,0.182408
5.4,0.180312
5.401,0.178206
5.402,0.176091
5.403,0.173966
5.404,0.171831
5.405,0.169686
5.406,0.167531
5.407,0.165367
5.408,0.163193
5.409,0.161009
5.41,0.158815
5.411,0.156611
5.412,0.154398
5.413,0.152174
5.414,0.149941
5.415,0.147698
5.416,0.145446
5.417,0.143183
5.418,0.140911
5.419,0.138629
5.42,0.136337
5.421,0.134035
5.422,0.131723
5.423,0.129402
5.424,0.127071
5.425,0.12473
5.426,0.122379
5.427,0.120018
5.428,0.117648
5.429,0.115268
5.43,0.112878
5.431,0.110478
5.432,0.108068
5.433,0.105649
5.434,0.103219
5.435,0.10078
5.436,0.0983314
5.437,0.099546
5.438,0.100751
5.439,0.101946
5.44,0.103131
5.441,0.104307
5.442,0.105472
5.443,0.106628
5.444,0.107774
5.445,0.10891
5.446,0.110036
5.447,0.111153
5.448,0.11226
5.449,0.113357
5.45,0.114444
5.451,0.115521
5.452,0.116589
5.453,0.117646
5.454,0.118694
5.455,0.119732
5.456,0.12076
5.457,0.121779
5.458,0.122788
5.459,0.123786
5.46,0.124775
5.461,0.125755
5.462,0.126724
5.463,0.127684
5.464,0.128633
5.465,0.129573
5.466,0.130503
5.467,0.131424
5.468,0.132334
5.469,0.133235
5.47,0.134126
5.471,0.135007
5.472,0.135878
5.473,0.13674
5.474,0.137592
5.475,0.138433
5.476,0.139265
5.477,0.140088
5.478,0.1409
5.479,0.141703
5.48,0.142496
5.481,0.143279
5.482,0.144052
5.483,0.144815
5.484,0.145569
5.485,0.146313
5.486,0.147047
5.487,0.147771
5.488,0.148485
5.489,0.14919
5.49,0.149884
5.491,0.150569
5.492,0.151244
5.493,0.15191
5.494,0.152565
5.495,0.153211
5.496,0.153847
5.497,0.154473
5.498,0.155089
5.499,0.155695
5.5,0.156292
5.501,0.156879
5.502,0.157456
5.503,0.158023
5.504,0.15858
5.505,0.159128
5.506,0.159666
5.507,0.160194
5.508,0.160712
5.509,0.16122
5.51,0.161718
5.511,0.162207
5.512,0.162686
5.513,0.163155
5.514,0.163614
5.515,0.164064
5.516,0.164504
5.517,0.164933
5.518,0.165353
5.519,0.165764
5.52,0.166164
5.521,0.166555
5.522,0.166936
5.523,0.167307
5.524,0.167668
5.525,0.168019
5.526,0.168361
5.527,0.168692
5.528,0.169014
5.529,0.169326
5.53,0.169629
5.531,0.169921
5.532,0.170204
5.533,0.170477
5.534,0.17074
5.535,0.170993
5.536,0.171237
5.537,0.17147
5.538,0.171694
5.539,0.171908
5.54,0.172112
5.541,0.172307
5.542,0.172491
5.543,0.172666
5.544,0.172831
5.545,0.172986
5.546,0.173132
5.547,0.173267
5.548,0.173393
5.549,0.173509
5.55,0.173615
5.551,0.173711
5.552,0.173798
5.553,0.173875
5.554,0.173941
5.555,0.173999
5.556,0.174046
5.557,0.174083
5.558,0.174111
5.559,0.174129
5.56,0.174137
5.561,0.174135
5.562,0.174123
5.563,0.174102
5.564,0.174071
5.565,0.17403
5.566,0.173979
5.567,0.173918
5.568,0.173848
5.569,0.173767
5.57,0.173677
5.571,0.173577
5.572,0.173468
5.573,0.173348
5.574,0.173219
5.575,0.17308
5.576,0.172931
5.577,0.172772
5.578,0.172604
5.579,0.172425
5.58,0.172237
5.581,0.172039
5.582,0.171831
5.583,0.171614
5.584,0.171386
5.585,0.171149
5.586,0.170902
5.587,0.170645
5.588,0.170378
5.589,0.170102
5.59,0.169816
5.591,0.16952
5.592,0.169214
5.593,0.168898
5.594,0.168572
5.595,0.168237
5.596,0.167892
5.597,0.167537
5.598,0.167172
5.599,0.166798
5.6,0.166413
5.601,0.166019
5.602,0.165615
5.603,0.165201
5.604,0.164778
5.605,0.164344
5.606,0.163901
5.607,0.163448
5.608,0.162985
5.609,0.162512
5.61,0.16203
5.611,0.161538
5.612,0.161036
5.613,0.160524
5.614,0.160002
5.615,0.15947
5.616,0.158929
5.617,0.158378
5.618,0.157817
5.619,0.157246
5.62,0.156666
5.621,0.156075
5.622,0.155475
5.623,0.154865
5.624,0.154245
5.625,0.153616
5.626,0.152976
5.627,0.152327
5.628,0.151668
5.629,0.150999
5.63,0.15032
5.631,0.149632
5.632,0.148933
5.633,0.148225
5.634,0.147507
5.635,0.14678
5.636,0.146042
5.637,0.145295
5.638,0.144538
5.639,0.143771
5.64,0.142994
5.641,0.142207
5.642,0.141411
5.643,0.140605
5.644,0.139789
5.645,0.138963
5.646,0.138127
5.647,0.137282
5.648,0.136426
5.649,0.135561
5.65,0.134687
5.651,0.133802
5.652,0.132907
5.653,0.132003
5.654,0.131089
5.655,0.130165
5.656,0.129231
5.657,0.128288
5.658,0.127334
5.659,0.126371
5.66,0.125398
5.661,0.124415
5.662,0.123423
5.663,0.12242
5.664,0.121408
5.665,0.120386
5.666,0.119354
5.667,0.118313
5.668,0.117261
5.669,0.1162
5.67,0.115129
5.671,0.114048
5.672,0.112957
5.673,0.111857
5.674,0.110746
5.675,0.109626
5.676,0.108496
5.677,0.107357
5.678,0.106207
5.679,0.105048
5.68,0.103878
5.681,0.102699
5.682,0.101511
5.683,0.100312
5.684,0.0991036
5.685,0.099698
5.686,0.100283
5.687,0.100857
5.688,0.101422
5.689,0.101978
5.69,0.102523
5.691,0.103058
5.692,0.103584
5.693,0.1041
5.694,0.104606
5.695,0.105102
5.696,0.105589
5.697,0.106066
5.698,0.106533
5.699,0.10699
5.7,0.107437
5.701,0.107874
5.702,0.108302
5.703,0.10872
5.704,0.109128
5.705,0.109526
5.706,0.109914
5.707,0.110293
5.708,0.110662
5.709,0.111021
5.71,0.11137
5.711,0.111709
5.712,0.112039
5.713,0.112358
5.714,0.112668
5.715,0.112968
5.716,0.113259
5.717,0.113539
5.718,0.11381
5.719,0.114071
5.72,0.114322
5.721,0.114563
5.722,0.114794
5.723,0.115016
5.724,0.115228
5.725,0.11543
5.726,0.115622
5.727,0.115804
5.728,0.115977
5.729,0.11614
5.73,0.116293
5.731,0.116436
5.732,0.116569
5.733,0.116693
5.734,0.116806
5.735,0.11691
5.736,0.117004
5.737,0.117089
5.738,0.117163
5.739,0.117228
5.74,0.117283
5.741,0.117328
5.742,0.117363
5.743,0.117388
5.744,0.117404
5.745,0.11741
5.746,0.117406
5.747,0.117392
5.748,0.117368
5.749,0.117335
5.75,0.117292
5.751,0.117239
5.752,0.117176
5.753,0.117103
5.754,0.11702
5.755,0.116928
5.756,0.116826
5.757,0.116714
5.758,0.116592
5.759,0.116461
5.76,0.11632
5.761,0.116168
5.762,0.116007
5.763,0.115837
5.764,0.115656
5.765,0.115466
5.766,0.115265
5.767,0.115055
5.768,0.114836
5.769,0.114606
5.77,0.114366
5.771,0.114117
5.772,0.113858
5.773,0.113589
5.774,0.113311
5.775,0.113022
5.776,0.112724
5.777,0.112416
5.778,0.112098
5.779,0.11177
5.78,0.111432
5.781,0.111085
5.782,0.110728
5.783,0.110361
5.784,0.109984
5.785,0.109598
5.786,0.109201
5.787,0.108795
5.788,0.108379
5.789,0.107953
5.79,0.107517
5.791,0.107072
5.792,0.106617
5.793,0.106152
5.794,0.105677
5.795,0.105192
5.796,0.104697
5.797,0.104193
5.798,0.103679
5.799,0.103155
5.8,0.102621
5.801,0.102078
5.802,0.101524
5.803,0.100961
5.804,0.100388
5.805,0.0998054
5.806,0.100087
5.807,0.100359
5.808,0.100621
5.809,0.100873
5.81,0.101115
5.811,0.101348
5.812,0.101571
5.813,0.101783
5.814,0.101987
5.815,0.10218
5.816,0.102363
5.817,0.102537
5.818,0.102701
5.819,0.102855
5.82,0.102999
5.821,0.103134
5.822,0.103258
5.823,0.103373
5.824,0.103478
5.825,0.103573
5.826,0.103659
5.827,0.103734
5.828,0.1038
5.829,0.103856
5.83,0.103902
5.831,0.103939
5.832,0.103965
5.833,0.103982
5.834,0.103989
5.835,0.103986
5.836,0.103973
5.837,0.103951
5.838,0.103918
5.839,0.103876
5.84,0.103824
5.841,0.103762
5.842,0.103691
5.843,0.103609
5.844,0.103518
5.845,0.103417
5.846,0.103306
5.847,0.103186
5.848,0.103055
5.849,0.102915
5.85,0.102765
5.851,0.102605
5.852,0.102436
5.853,0.102256
5.854,0.102067
5.855,0.101868
5.856,0.101659
5.857,0.10144
5.858,0.101212
5.859,0.100973
5.86,0.100725
5.861,0.100467
5.862,0.100199
5.863,0.0999217
5.864,0.100051
5.865,0.10017
5.866,0.100279
5.867,0.100379
5.868,0.100469
5.869,0.100548
5.87,0.100619
5.871,0.100679
5.872,0.100729
5.873,0.10077
5.874,0.100801
5.875,0.100822
5.876,0.100833
5.877,0.100835
5.878,0.100826
5.879,0.100808
5.88,0.10078
5.881,0.100742
5.882,0.100695
5.883,0.100637
5.884,0.10057
5.885,0.100493
5.886,0.100406
5.887,0.10031
5.888,0.100203
5.889,0.100087
5.89,0.0999609
5.891,0.100014
5.892,0.100058
5.893,0.100091
5.894,0.100115
5.895,0.100129
5.896,0.100133
5.897,0.100127
5.898,0.100112
5.899,0.100087
5.9,0.100052
5.901,0.100007
5.902,0.0999522
5.903,0.0999697
5.904,0.0999774
5.905,0.0999753
5.906,0.0999666
5.907,0.0999611
5.908,0.099954
5.909,0.0999478
5.91,0.0999411
5.911,0.0999346
5.912,0.0999281
5.913,0.0999215
5.914,0.099915
5.915,0.0999085
5.916,0.0999019
5.917,0.0998954
5.918,0.0998888
5.919,0.0998823
5.92,0.0998758
5.921,0.0998692
5.922,0.0998627
5.923,0.0998561
5.924,0.0998496
5.925,0.099843
5.926,0.0998365
5.927,0.09983
5.928,0.0998234
5.929,0.0998169
5.93,0.0998103
5.931,0.0998038
5.932,0.0997973
5.933,0.0997907
5.934,0.0997842
5.935,0.0997776
5.936,0.0997711
5.937,0.0997645
5.938,0.099758
5.939,0.0997515
5.94,0.0997449
5.941,0.0997384
5.942,0.0997318
5.943,0.0997253
5.944,0.0997188
5.945,0.0997122
5.946,0.0997057
5.947,0.0996991
5.948,0.0996926
5.949,0.099686
5.95,0.0996795
5.951,0.099673
5.952,0.0996664
5.953,0.0996599
5.954,0.0996533
5.955,0.0996468
5.956,0.0996403
5.957,0.0996337
5.958,0.0996272
5.959,0.0996206
5.96,0.0996141
5.961,0.0996075
5.962,0.099601
5.963,0.0995945
5.964,0.0995879
5.965,0.0995814
5.966,0.0995748
5.967,0.0995683
5.968,0.0995618
5.969,0.0995552
5.97,0.0995487
5.971,0.0995421
5.972,0.0995356
5.973,0.0995291
5.974,0.0995225
5.975,0.099516
5.976,0.0995094
5.977,0.0995029
5.978,0.0994963
5.979,0.0994898
5.98,0.0994833
5.981,0.0994767
5.982,0.0994702
5.983,0.0994636
5.984,0.0994571
5.985,0.0994506
5.986,0.099444
5.987,0.0994375
5.988,0.0994309
5.989,0.0994244
5.99,0.0994178
5.991,0.0994113
5.992,0.0994048
5.993,0.0993982
5.994,0.0993917
5.995,0.0993851
5.996,0.0993786
5.997,0.0993721
5.998,0.0993655
5.999,0.099359
